clic-validation-000-m6.webp	2946492	73a1a264c52cf40920894a88f8330248ff83319be056a567d30b55a2a151d56e
clic-validation-001-m6.webp	2684300	d8ce6ef40913467e6ad438a116c4833bd9495ac23c46f8b23ed12644078648bd
clic-validation-002-m6.webp	3045886	343c97d6065964d7ba58355cddfc25244b23cef645e75d118bb5829bd4e61208
clic-validation-003-m6.webp	2970508	df654f22cb563a7198f24d4b48e05fbcaf6a29c876de7893a5c0e6edbb108e75
clic-validation-004-m6.webp	2245776	5009fe743f73f17e4edd374488d24e5c0acb8bb4e15cbb3c5fdf5ce249af66a6
clic-validation-005-m6.webp	2342918	6567a7728ff6a4f65ef134158b63876bf7eefc754a4ec3a9ae6906cf4475df59
clic-validation-006-m6.webp	2000588	769b6cfec0c0fcda34a0fb81faf5a671f9549196f799fe44102625d7ce2a839f
clic-validation-007-m6.webp	3076236	fa001e2a645f5a68432b6e29e14ab33d709374c6a7f88024adcad65aa0b6fd25
clic-validation-008-m6.webp	1833840	c9d6bdc9efeb01746c42d22b16dd5abd253de152375924e499a508a744100525
clic-validation-009-m6.webp	1728116	9679f93f9d34f0a4c872695ef3c391843e42d547565f8ac65efabc4b5b0f4556
clic-validation-010-m6.webp	1967478	0a0558de35f812e3a90864f271b8bafab64ae0e9780cd0930532310589d880d2
clic-validation-011-m6.webp	944592	bd278c97ba270608f6dd27df13ccdaecb49cbadd00110b99910bdd3aa1bdbb4e
clic-validation-012-m6.webp	1860524	fbffd5b4e0a4049062f0da542532c2f628086fa23a77abe8d255eb035d57c08f
clic-validation-013-m6.webp	2458060	f585d73d25a2db7337c5d84c49cd1ebb7bc251d82537282a6deac3f3a2159354
clic-validation-014-m6.webp	2546254	30f3306a537ab4c044750724285ef1a7de55d08172e8e69dab5990f31f294007
clic-validation-015-m6.webp	2610506	9398008a29f164f13ccb65c9db5154bad1718a9d6dc1e6d47011d7579fa04090
clic-validation-016-m6.webp	1935006	0e70f9fa190697bedfd71bc4217b50e4a22cfb59b8dfbe7d4d36a0c237cbffa9
clic-validation-017-m6.webp	2142236	600128edaa6429877198d23b2d0a5f7e6d7bbee75505a200ddf82f153562232e
clic-validation-018-m6.webp	1923322	466a0fdb6496f99e2a1c5da5afe743768ad344826a382c7597293ce89a50fec4
clic-validation-019-m6.webp	1696204	1f3d75c216cb2a026ba1bd760f05467c0054e13aa4cf100370a2a86385f4020b
clic-validation-020-m6.webp	3141174	cd6212032a63303567925035a8ac0bedf2080a474fa2688c9de1cbdd9b9ad9d5
clic-validation-021-m6.webp	1665150	ac6c0fb9523e9693646b49aac129f0940c06a57a184f3d0e9e4db2476c7c9b5f
clic-validation-022-m6.webp	2051854	d283ca2eaea185760e02d92c1f0cf6fecee60fa566647244884e1115b8a7c969
clic-validation-023-m6.webp	2255158	667bf942a549cca49f38d3c2a6b41a211a70d8f91aae735ad0eed2f965892306
clic-validation-024-m6.webp	2669888	2954c7f8652587ff65a3eaaf6947fd26e87c50e013c6a261d0ebc7d45e49eed8
clic-validation-025-m6.webp	3335970	5688fb0f47a36be4a1243c9c15d51be4911b76463bf2198e7f666abc9a187345
clic-validation-026-m6.webp	3780230	ee47147c059bff984a30752320dd1ae59886bddf943d10c45c840cd16b7820f7
clic-validation-027-m6.webp	2562846	d49c3921ddb9f00fbbe84447e039989fe28e459260e5bdb78c544a75b3c5d8ea
clic-validation-028-m6.webp	2479504	e098fbc0c79e171068280529131e31791454cdd24dfbde8b6b0af0878b4ac231
clic-validation-029-m6.webp	2124502	e8d8079ab1d09f4430d996c90e9b999efb57fca617113269f9a6393a0e657602
clic-validation-030-m6.webp	3899240	ba10410385dde12ea918743e5364fed00888640b1a20ed293674d3a6a7c8befc
clic-validation-031-m6.webp	2515354	aeb62d511ffd9dee3a8d0b964df7555c2c1b3dafbd61f0213fa9e975197eb434
clic-validation-032-m6.webp	2561554	44dff31d924aa3406b135ba649cdec9ef74f51008f7c96b67cdcc1c2c2f9302b
clic-validation-033-m6.webp	3292840	cfeabef8f00d0772c59caa4a8b83b4ddfdec102a5023ee7ad94a0743e8e26a02
clic-validation-034-m6.webp	3211442	b1f895c3c34e8e52d5c6146c544bd4c1b1247919e1a7d504b14d7a567cd0e8bd
clic-validation-035-m6.webp	2830256	fd8674395b425aafc3624cf659b02f4d1a5302998932c2e52e0707622db9fa8f
clic-validation-036-m6.webp	3104382	7eed76e9971e3d793fd022c19235047ed8be5216c42d8e765b58a7f43776449d
clic-validation-037-m6.webp	2947856	79d71c835a6775f75e8a2fb3aacfcd4489dc727f9e481db09c6eca790155aa35
clic-validation-038-m6.webp	2814922	92edb41a22022bddf1cc26b51fffed93a506abc2df43b4de2256bc1ebe5c99c4
clic-validation-039-m6.webp	3014074	8b1fd08a8dc2b8239da5b0b6908eccf88b5ef76ba26869af5e7565db1dec5226
clic-validation-040-m6.webp	2822018	72848a70b2f669f3cf32d7835d3a6e4c2ab19c260818567475ad1ea26fed012e
clic-validation-041-m6.webp	3377320	4499a93f9f16702e66a795919cd44ec21b0818b01b2786183e5f4b1774d6dd1b
clic-validation-042-m6.webp	3578972	30d8272d7bc54a12eaa66bee3fe1e57e57369185c75c9bfd741aee71dad47c6d
clic-validation-043-m6.webp	3014454	36857c4cc6cdadbf93093be3f54fa9538d75a933beba4f322c12f9a33de36457
clic-validation-044-m6.webp	3585284	409d3d222ae72337e26d2f7b2b412a62fb700130d61d67be2ff7dd299ea013e1
clic-validation-045-m6.webp	3051576	c7d4f068e5f6e780eedaa35d7ed8061a7ad6c52c073f63d49d450c8b935a9551
clic-validation-046-m6.webp	3101742	26c6816a7b048ea1eeab882d8c2ca7b29ddc951fda744bc2a9b8a09cf30b6dcb
clic-validation-047-m6.webp	2777210	c1a6f63c92a1a072614dd740495b819c88e4d8ee324d78e35365b10b6a33607f
clic-validation-048-m6.webp	3865218	bf93ce15639f86bf63ebf2a6a3c8ddb925d1dcb4ebc09e2bb595a710e19c6607
clic-validation-049-m6.webp	3343274	6b57099b1d356ce5f964739f47f288fc3e5e0135a55f5f197514c6749a4d3a43
clic-validation-050-m6.webp	3497950	7454d7aa45503f6e0ea44ce59e71154d2357f5a90600c5fb1b6040f733f8dd5a
clic-validation-051-m6.webp	5317964	1e0f84c54f81e35bfe8f5d03baf9e0e91ce8923fc32a31835f86d0897b419cd3
clic-validation-052-m6.webp	3951684	aee2adb8809cdeb5b244ea9596222c9fe5846f4ece3b32665a0465ca1fa1d797
clic-validation-053-m6.webp	2861582	94260d29841a5559695bf033f3e17c77366282f89f338f95c6623b192d05a95b
clic-validation-054-m6.webp	2635074	f8872a91fe27bf49843d9d6b25fe636b70ca6625dcc5c43b12a71d36bf5232eb
clic-validation-055-m6.webp	2819690	48c4519453bd893705424f02638f20143d2a9f666def482bf77a9e238f2597a4
clic-validation-056-m6.webp	2577248	059c39f56e917cce3b6e9b6802b6e426fca8a924c3274243ccc1fe81f0e73ca0
clic-validation-057-m6.webp	2082068	fe23dcb2266a7226c1d00dd44331055fbbd9d6e1897342981d8d081f755680cf
clic-validation-058-m6.webp	1702540	cd84551eeaf4549b950c58dc7a691a39f070ad381152005b169e4257ee998cc8
clic-validation-059-m6.webp	1573380	5fe2dd42c03dc5bd5b955ecc2af26d5e3b547609661ccd11bf0c589155a27a8c
clic-validation-060-m6.webp	2197194	b314cbbb90ced1ac2ad8fc9a07f032dfdae880e93e827e4be2a5e0229f464bcb
clic-validation-061-m6.webp	3815790	f810d7b9b0e5a4e2c34cee478fb161a0288e03664f2fb2d27bd2459f31800fd2
clic-validation-062-m6.webp	2576726	2ae22888972b7a9cdb1036e8aef524016220e4bb5874803f34159fca90e1f6fa
clic-validation-063-m6.webp	2439280	3a6a9c3297a4ed0d80a2f2132e10de8eeb96700bd7dcc5f3b810797a0820320f
clic-validation-064-m6.webp	4257996	c6545767152db64fe305ef660145fde7949fe9a8b4350097f13f9580741c0067
clic-validation-065-m6.webp	3091784	a88a347ba90540bc1d384bd6a278dcf9be1f936322b8f9636e8dadf48e749d9e
clic-validation-066-m6.webp	1623456	2cbe538a92fe7517e4a8cc7e8c5b7236bfbb3832f78bdeca0939a65a40d3e653
clic-validation-067-m6.webp	3253378	6684454f7c084d1c85dd458311711009611e4e8ac3e2b1087846a0007a4dc9c6
clic-validation-068-m6.webp	3384396	f118e596119131b236693ef55832e5f28c5de33c22aa6d492b910abe7d309944
clic-validation-069-m6.webp	3309688	ad6e88310d67425d84ce425d5ce0f2e7c3df83b26eaaf4f239cb668b55428f8e
clic-validation-070-m6.webp	3728732	72283aed13395d9d955948e84ebfa3d6471cf3533d2d08b193a4215b6a6fe389
clic-validation-071-m6.webp	1749538	1b49362047a2fcebea50035530b7a13a1fcbb10b29c997a9bd12cda971e81f90
clic-validation-072-m6.webp	2358172	a524538c2fab1efd7cc4485b0dfcd9296a0f6b51215e2db8e34aed2edf6c2369
clic-validation-073-m6.webp	2721718	25eb4cf2216b6a2b511e6f6ecf8b886ffa43de946f3da3327ceb4b5d579b36a6
clic-validation-074-m6.webp	2415802	2fddf83a7f1ded1dbe83534935013611ced80b1ef075cdb27f8c4b3bf190ed5c
clic-validation-075-m6.webp	3430048	10fd8b6c29dc8e9df7f2b033ca033bf35a4f94721747657437645d71f423cd3e
clic-validation-076-m6.webp	2735508	37baa49bc238d2add9450f92e9e1b2fbe22353540938661483f49fca0c3205f0
clic-validation-077-m6.webp	1867442	7877ade5c7e0dadd5a11d59718eebd8f51621d03316907766f7d0dab748f19a4
clic-validation-078-m6.webp	2505782	ce38eff04ed541eb548eaaf06140d879f0b24d87fb01374442885d6a1e8fa012
clic-validation-079-m6.webp	2739120	a53e09562792cb9830fc71149d024638b053d16e739eba26c61a08d2d6371e87
clic-validation-080-m6.webp	2373250	97d51d0ffa93334a77ffa5918a0a99a03969d757cc75c23ac090b2f9cb3848f5
clic-validation-081-m6.webp	2548434	f93e427ce2725923437abb6aeddaf4c85dacc1f238de78ae66694992d24d8b1e
clic-validation-082-m6.webp	968468	84f3f975445e1bdf989336acac5e0ce1d84514593fb2335caaec3d345d8246dc
clic-validation-083-m6.webp	3276352	2811f09233ff8cbf5ac6aabada734b06a795360b78212989086d6b806fcc6a01
clic-validation-084-m6.webp	2720348	f8776b88652c10b26031c8a33c59ff872a285253bd237662d417c4f5338566f6
clic-validation-085-m6.webp	900156	56f4b107e842ce006c1e7b8be883951a8067c2099b7e316defe680595df9c786
clic-validation-086-m6.webp	2935824	74a2e2489251e58d18c4bf5f2a9a5f7fb51da03051ec996a24bdbab326c7aa88
clic-validation-087-m6.webp	663968	3246b942a5b30178e8ff8b15e59d8caf69e552cfef5f57beed9b08024d95eeb3
clic-validation-088-m6.webp	1813132	9547aaa2adf55468a721613115cd6cb8ee9786075a0ef58b6b1574dcb8ded75f
clic-validation-089-m6.webp	3318484	bd980f7a31323fd6789d5ddd86adeccd26fb3d4d3f15099db624f4abd80f6b6d
clic-validation-090-m6.webp	2625610	44560c4cb6d7705b79e56735427ac611de77d7c9b32615c0b8355c9a39110e48
clic-validation-091-m6.webp	191190	0cc8a857370fc074c5efdd340059fe2f73eecd44966e58f92f6998cb05f58703
clic-validation-092-m6.webp	2859366	2be7bdcc48825c22d02ff3ef89da58c87fc4686ef0966449bcefbe936ad36ba8
clic-validation-093-m6.webp	1463816	59f0e7e12282f81aebd4102f77c211bbcb87b624207bf60b03ee135c247cd9b6
clic-validation-094-m6.webp	2879000	f62baf3e5c1a3bfa50f1a3a69c07686d9d2767cc98fc5c4f3b14def53b5b71bc
clic-validation-095-m6.webp	1363868	bc00bed7854b455f97c8bec9dc50ea499f299db0014fefebaa1c8324815e02e8
clic-validation-096-m6.webp	467646	593fd47c80f35c589f5fdf76e2e69395b511b28cb1168a7eccd74acfe2152bef
clic-validation-097-m6.webp	1896310	880e5ba4cfc698180e8ea9d6493960b67c04491dbb3c4917b83b4792ca7b5bfe
clic-validation-098-m6.webp	3797002	6ffbc9b623619346c64182e0570310988537493168dfd4f4dc0d337dac05145b
clic-validation-099-m6.webp	1967726	1b3478700cfca40e960586c7002b867999b06393406809556e39bf299f0bb8cf
clic-validation-100-m6.webp	2478524	d7eac8923f623b6925768edf2e10273fa8a05cfdaf7ab72475ebb93fce967ae7
clic-validation-101-m6.webp	2557670	06e9438122f25514a01cd86450303f23570f2603f67775d21fd3c83ae1635a08
