id	layout	base_bytes	control_bytes	candidate_bytes	base_sha256	control_sha256	candidate_sha256	base_control_length	base_control_sha256	base_control_full_byte	base_candidate_length	base_candidate_sha256	base_candidate_full_byte	control_candidate_length	control_candidate_sha256	control_candidate_full_byte	base_project_exact	control_project_exact	candidate_project_exact
clic-validation-000	default	8196184	8196184	8196184	9c68ff67c15c5d3df7daece012d3e9f0b8d7fd5e10e74e291d3aab1eebe97d80	9c68ff67c15c5d3df7daece012d3e9f0b8d7fd5e10e74e291d3aab1eebe97d80	9c68ff67c15c5d3df7daece012d3e9f0b8d7fd5e10e74e291d3aab1eebe97d80	1	1	1	1	1	1	1	1	1	1	1	1
clic-validation-000	compact	8130642	8130642	8130642	18d9249d9db6e2a1a371e08b221e756eb18b5845eb53eeaf7c5c1d4fb8a89c21	18d9249d9db6e2a1a371e08b221e756eb18b5845eb53eeaf7c5c1d4fb8a89c21	18d9249d9db6e2a1a371e08b221e756eb18b5845eb53eeaf7c5c1d4fb8a89c21	1	1	1	1	1	1	1	1	1	1	1	1
clic-validation-000	low-latency	8259942	8259942	8259942	ec6a63f4a1a983da016bde2d9bd2c33dd86b7f52260068ee315f40a39ecacb23	ec6a63f4a1a983da016bde2d9bd2c33dd86b7f52260068ee315f40a39ecacb23	ec6a63f4a1a983da016bde2d9bd2c33dd86b7f52260068ee315f40a39ecacb23	1	1	1	1	1	1	1	1	1	1	1	1
clic-validation-001	default	6591856	6591856	6591856	149edccd9f2cf96d52a7aae7c69e63d34fb41ccd303c79e5d83fe1ac4afad11d	149edccd9f2cf96d52a7aae7c69e63d34fb41ccd303c79e5d83fe1ac4afad11d	149edccd9f2cf96d52a7aae7c69e63d34fb41ccd303c79e5d83fe1ac4afad11d	1	1	1	1	1	1	1	1	1	1	1	1
clic-validation-001	compact	6257982	6257982	6257982	3c7505f77611d11a7e895e96a579dc06b60ae2624030a6aba0f177788d342193	3c7505f77611d11a7e895e96a579dc06b60ae2624030a6aba0f177788d342193	3c7505f77611d11a7e895e96a579dc06b60ae2624030a6aba0f177788d342193	1	1	1	1	1	1	1	1	1	1	1	1
clic-validation-001	low-latency	6309214	6309214	6309214	c2090db3dd739e29001877c4a2e25d8ca52f9a9ee0a8160b5ef698cfa86898ee	c2090db3dd739e29001877c4a2e25d8ca52f9a9ee0a8160b5ef698cfa86898ee	c2090db3dd739e29001877c4a2e25d8ca52f9a9ee0a8160b5ef698cfa86898ee	1	1	1	1	1	1	1	1	1	1	1	1
clic-validation-002	default	6836132	6836132	6836132	1ebaae9d25de608411a3f2cb735254500ba316514d204b17a34294620265fb8a	1ebaae9d25de608411a3f2cb735254500ba316514d204b17a34294620265fb8a	1ebaae9d25de608411a3f2cb735254500ba316514d204b17a34294620265fb8a	1	1	1	1	1	1	1	1	1	1	1	1
clic-validation-002	compact	5799410	5799410	5799410	fdf1ededbf1cc3cc9876d7ef87745d966e3afa91b1755c8a5645d5ebcdbe579f	fdf1ededbf1cc3cc9876d7ef87745d966e3afa91b1755c8a5645d5ebcdbe579f	fdf1ededbf1cc3cc9876d7ef87745d966e3afa91b1755c8a5645d5ebcdbe579f	1	1	1	1	1	1	1	1	1	1	1	1
clic-validation-002	low-latency	5942826	5942826	5942826	590e0a13213b6fcb65a9d9ef075979d8d15aac38443ec59b09811b22ff98749f	590e0a13213b6fcb65a9d9ef075979d8d15aac38443ec59b09811b22ff98749f	590e0a13213b6fcb65a9d9ef075979d8d15aac38443ec59b09811b22ff98749f	1	1	1	1	1	1	1	1	1	1	1	1
clic-validation-003	default	6725608	6725608	6725608	75cf3e0429537f5bd6d3a5d86080259584ff58102ddc4b45ef4a582672ebadb9	75cf3e0429537f5bd6d3a5d86080259584ff58102ddc4b45ef4a582672ebadb9	75cf3e0429537f5bd6d3a5d86080259584ff58102ddc4b45ef4a582672ebadb9	1	1	1	1	1	1	1	1	1	1	1	1
clic-validation-003	compact	6050450	6050450	6050450	e10ea33e6002a5987ee71643069f4f86f3957c1267cd04e31fbaa0d12ee16dc0	e10ea33e6002a5987ee71643069f4f86f3957c1267cd04e31fbaa0d12ee16dc0	e10ea33e6002a5987ee71643069f4f86f3957c1267cd04e31fbaa0d12ee16dc0	1	1	1	1	1	1	1	1	1	1	1	1
clic-validation-003	low-latency	6126922	6126922	6126922	ff6b70383ee471761993421c3cbbf41b2afaa354f7929c91c2f4d3242c68c3cf	ff6b70383ee471761993421c3cbbf41b2afaa354f7929c91c2f4d3242c68c3cf	ff6b70383ee471761993421c3cbbf41b2afaa354f7929c91c2f4d3242c68c3cf	1	1	1	1	1	1	1	1	1	1	1	1
clic-validation-004	default	5940292	5940292	5940292	e90844c21caac5b0e72d950fff4ec0af46e28e3230f35d010594e5fe3401cf01	e90844c21caac5b0e72d950fff4ec0af46e28e3230f35d010594e5fe3401cf01	e90844c21caac5b0e72d950fff4ec0af46e28e3230f35d010594e5fe3401cf01	1	1	1	1	1	1	1	1	1	1	1	1
clic-validation-004	compact	5328258	5328258	5328258	bc6770e98016f1c4c53ef0b7615855a353379a88207e8e26ffadddebbc70f93e	bc6770e98016f1c4c53ef0b7615855a353379a88207e8e26ffadddebbc70f93e	bc6770e98016f1c4c53ef0b7615855a353379a88207e8e26ffadddebbc70f93e	1	1	1	1	1	1	1	1	1	1	1	1
clic-validation-004	low-latency	5437070	5437070	5437070	65ce567c757856d097508709d133e44961e03532f7ef5de65ea22d3c9021c13d	65ce567c757856d097508709d133e44961e03532f7ef5de65ea22d3c9021c13d	65ce567c757856d097508709d133e44961e03532f7ef5de65ea22d3c9021c13d	1	1	1	1	1	1	1	1	1	1	1	1
clic-validation-005	default	5929020	5929020	5929020	2bd4885cb12f58aeb32069d5343b924cddb48e2f7cc078d45d5787800850ae7a	2bd4885cb12f58aeb32069d5343b924cddb48e2f7cc078d45d5787800850ae7a	2bd4885cb12f58aeb32069d5343b924cddb48e2f7cc078d45d5787800850ae7a	1	1	1	1	1	1	1	1	1	1	1	1
clic-validation-005	compact	5539552	5539552	5539552	4329ae94ee36325203bccbde11c04de2a2618e1416d545533dbae2e0c1c769fd	4329ae94ee36325203bccbde11c04de2a2618e1416d545533dbae2e0c1c769fd	4329ae94ee36325203bccbde11c04de2a2618e1416d545533dbae2e0c1c769fd	1	1	1	1	1	1	1	1	1	1	1	1
clic-validation-005	low-latency	5390698	5390698	5390698	fb03d9a7eedaf2fe14215b55c94aadbace00721ee943867495351768b2c911bd	fb03d9a7eedaf2fe14215b55c94aadbace00721ee943867495351768b2c911bd	fb03d9a7eedaf2fe14215b55c94aadbace00721ee943867495351768b2c911bd	1	1	1	1	1	1	1	1	1	1	1	1
clic-validation-006	default	5931342	5931342	5931342	b326c330e51677e95de7587e6eab7a3beca3b79cf9436128def0f8421bba89f6	b326c330e51677e95de7587e6eab7a3beca3b79cf9436128def0f8421bba89f6	b326c330e51677e95de7587e6eab7a3beca3b79cf9436128def0f8421bba89f6	1	1	1	1	1	1	1	1	1	1	1	1
clic-validation-006	compact	5188746	5188746	5188746	5376977dc084638ccec748bbcadeac318272b941840f5ad5d06bd0e09b918f8c	5376977dc084638ccec748bbcadeac318272b941840f5ad5d06bd0e09b918f8c	5376977dc084638ccec748bbcadeac318272b941840f5ad5d06bd0e09b918f8c	1	1	1	1	1	1	1	1	1	1	1	1
clic-validation-006	low-latency	5209140	5209140	5209140	afa08d0570a6655b7e11302c35c603f5d733fd94b21116d03f78d29e156668a2	afa08d0570a6655b7e11302c35c603f5d733fd94b21116d03f78d29e156668a2	afa08d0570a6655b7e11302c35c603f5d733fd94b21116d03f78d29e156668a2	1	1	1	1	1	1	1	1	1	1	1	1
clic-validation-007	default	8390522	8390522	8390522	6500ea8261b0a7b6b973bcf6f8d0474632901ad8cf338cb596b4793225c53632	6500ea8261b0a7b6b973bcf6f8d0474632901ad8cf338cb596b4793225c53632	6500ea8261b0a7b6b973bcf6f8d0474632901ad8cf338cb596b4793225c53632	1	1	1	1	1	1	1	1	1	1	1	1
clic-validation-007	compact	7922454	7922454	7922454	a167d22de8bbc29566578dded9a041b1f6f1ae47bf0b4ade070bbd01025d4c3c	a167d22de8bbc29566578dded9a041b1f6f1ae47bf0b4ade070bbd01025d4c3c	a167d22de8bbc29566578dded9a041b1f6f1ae47bf0b4ade070bbd01025d4c3c	1	1	1	1	1	1	1	1	1	1	1	1
clic-validation-007	low-latency	8112576	8112576	8112576	870073f36e25e5d9aa254202c4650a810e47e8016d03d4847db8c2e3b7674ade	870073f36e25e5d9aa254202c4650a810e47e8016d03d4847db8c2e3b7674ade	870073f36e25e5d9aa254202c4650a810e47e8016d03d4847db8c2e3b7674ade	1	1	1	1	1	1	1	1	1	1	1	1
clic-validation-008	default	4821292	4821292	4821292	65baf6579082e2f8f58e7ced30d806fe03f660032d4e90da25cfa4c92d318277	65baf6579082e2f8f58e7ced30d806fe03f660032d4e90da25cfa4c92d318277	65baf6579082e2f8f58e7ced30d806fe03f660032d4e90da25cfa4c92d318277	1	1	1	1	1	1	1	1	1	1	1	1
clic-validation-008	compact	4327522	4327522	4327522	38b8566aba827bfe898877889691d7eb54398dbb58fa83c9f00e57ea7f7c1bca	38b8566aba827bfe898877889691d7eb54398dbb58fa83c9f00e57ea7f7c1bca	38b8566aba827bfe898877889691d7eb54398dbb58fa83c9f00e57ea7f7c1bca	1	1	1	1	1	1	1	1	1	1	1	1
clic-validation-008	low-latency	4391630	4391630	4391630	152787c9657668d8cc4122f6fb463985d6068a2e1104e2547211b652bb5c6413	152787c9657668d8cc4122f6fb463985d6068a2e1104e2547211b652bb5c6413	152787c9657668d8cc4122f6fb463985d6068a2e1104e2547211b652bb5c6413	1	1	1	1	1	1	1	1	1	1	1	1
clic-validation-009	default	4585812	4585812	4585812	6884224abdceb111a45dfc48b4d7e6a61d6d109c1db257c481e2ba3bc6c8a801	6884224abdceb111a45dfc48b4d7e6a61d6d109c1db257c481e2ba3bc6c8a801	6884224abdceb111a45dfc48b4d7e6a61d6d109c1db257c481e2ba3bc6c8a801	1	1	1	1	1	1	1	1	1	1	1	1
clic-validation-009	compact	5063414	5063414	5063414	964f6f54f21bb5c3e7877170ae44f804b82264da97561cf429af7b7af4dbf59c	964f6f54f21bb5c3e7877170ae44f804b82264da97561cf429af7b7af4dbf59c	964f6f54f21bb5c3e7877170ae44f804b82264da97561cf429af7b7af4dbf59c	1	1	1	1	1	1	1	1	1	1	1	1
clic-validation-009	low-latency	5114026	5114026	5114026	1efa2a7beace650c60933e80fb529426037dd5abd6c8f1c58e2f281ae224bd09	1efa2a7beace650c60933e80fb529426037dd5abd6c8f1c58e2f281ae224bd09	1efa2a7beace650c60933e80fb529426037dd5abd6c8f1c58e2f281ae224bd09	1	1	1	1	1	1	1	1	1	1	1	1
clic-validation-010	default	4596850	4596850	4596850	1c05b056142f0f42b5843e8eab9e36b74c3a238f526a1c4ad2b350f56ab0d379	1c05b056142f0f42b5843e8eab9e36b74c3a238f526a1c4ad2b350f56ab0d379	1c05b056142f0f42b5843e8eab9e36b74c3a238f526a1c4ad2b350f56ab0d379	1	1	1	1	1	1	1	1	1	1	1	1
clic-validation-010	compact	3997470	3997470	3997470	c9dc13f0291bd11d641b455f7bf291712057154060990b11c5a863f8227dc98f	c9dc13f0291bd11d641b455f7bf291712057154060990b11c5a863f8227dc98f	c9dc13f0291bd11d641b455f7bf291712057154060990b11c5a863f8227dc98f	1	1	1	1	1	1	1	1	1	1	1	1
clic-validation-010	low-latency	4032212	4032212	4032212	5c84b56441ae479b4e60dc92fc48c66d589b2b0fadf3d6d72f17a6eb1fef2278	5c84b56441ae479b4e60dc92fc48c66d589b2b0fadf3d6d72f17a6eb1fef2278	5c84b56441ae479b4e60dc92fc48c66d589b2b0fadf3d6d72f17a6eb1fef2278	1	1	1	1	1	1	1	1	1	1	1	1
clic-validation-011	default	2219464	2219464	2219464	1e56c49e1191b8955f07dd5408b2cd2d36d4fb00fb9685c27467410c22893335	1e56c49e1191b8955f07dd5408b2cd2d36d4fb00fb9685c27467410c22893335	1e56c49e1191b8955f07dd5408b2cd2d36d4fb00fb9685c27467410c22893335	1	1	1	1	1	1	1	1	1	1	1	1
clic-validation-011	compact	1961344	1961344	1961344	5f2b48818cd484250967be7ab1b97740b53d928f4f8bd913ebe92534f25e5745	5f2b48818cd484250967be7ab1b97740b53d928f4f8bd913ebe92534f25e5745	5f2b48818cd484250967be7ab1b97740b53d928f4f8bd913ebe92534f25e5745	1	1	1	1	1	1	1	1	1	1	1	1
clic-validation-011	low-latency	2023660	2023660	2023660	1e9447f026d14b4f9d6b24047037e98aeb9815ff85e41e42cdf1ba8099ebf307	1e9447f026d14b4f9d6b24047037e98aeb9815ff85e41e42cdf1ba8099ebf307	1e9447f026d14b4f9d6b24047037e98aeb9815ff85e41e42cdf1ba8099ebf307	1	1	1	1	1	1	1	1	1	1	1	1
clic-validation-012	default	5327640	5327640	5327640	e4bbc72d958f2869d91e600b9c1a2668ae12b947f097c8052e1cdeb0dce55293	e4bbc72d958f2869d91e600b9c1a2668ae12b947f097c8052e1cdeb0dce55293	e4bbc72d958f2869d91e600b9c1a2668ae12b947f097c8052e1cdeb0dce55293	1	1	1	1	1	1	1	1	1	1	1	1
clic-validation-012	compact	4891824	4891824	4891824	6374142beb526c9ab53359ee18584d832d91b6009c57d6fd741c56a3a93dfe99	6374142beb526c9ab53359ee18584d832d91b6009c57d6fd741c56a3a93dfe99	6374142beb526c9ab53359ee18584d832d91b6009c57d6fd741c56a3a93dfe99	1	1	1	1	1	1	1	1	1	1	1	1
clic-validation-012	low-latency	5008486	5008486	5008486	e1fdd28e3d907c7080858d4e9e304896728e43e107f90b6518475a2925d88e74	e1fdd28e3d907c7080858d4e9e304896728e43e107f90b6518475a2925d88e74	e1fdd28e3d907c7080858d4e9e304896728e43e107f90b6518475a2925d88e74	1	1	1	1	1	1	1	1	1	1	1	1
clic-validation-013	default	5522704	5522704	5522704	3f9fe579235ba830e59730d001958e0d9649d39159f2061ee93c983e24704835	3f9fe579235ba830e59730d001958e0d9649d39159f2061ee93c983e24704835	3f9fe579235ba830e59730d001958e0d9649d39159f2061ee93c983e24704835	1	1	1	1	1	1	1	1	1	1	1	1
clic-validation-013	compact	5058144	5058144	5058144	906e488dbb2917fd7eb37683db13b476631d07fdc1b4ee3d6512c462d20ce7d6	906e488dbb2917fd7eb37683db13b476631d07fdc1b4ee3d6512c462d20ce7d6	906e488dbb2917fd7eb37683db13b476631d07fdc1b4ee3d6512c462d20ce7d6	1	1	1	1	1	1	1	1	1	1	1	1
clic-validation-013	low-latency	5153972	5153972	5153972	b7269c342b5ba02d18329ddf4cb6b32c7973f80dc16e5b3d355fb9585f9c970d	b7269c342b5ba02d18329ddf4cb6b32c7973f80dc16e5b3d355fb9585f9c970d	b7269c342b5ba02d18329ddf4cb6b32c7973f80dc16e5b3d355fb9585f9c970d	1	1	1	1	1	1	1	1	1	1	1	1
clic-validation-014	default	5417568	5417568	5417568	c9c311b0bf988418c86c7e4c8c4d4f021500518e4b1d044dae4dd82fba9299da	c9c311b0bf988418c86c7e4c8c4d4f021500518e4b1d044dae4dd82fba9299da	c9c311b0bf988418c86c7e4c8c4d4f021500518e4b1d044dae4dd82fba9299da	1	1	1	1	1	1	1	1	1	1	1	1
clic-validation-014	compact	5293592	5293592	5293592	09247863add854c8f90424a8bf7d929be8cc3dae653218894145f534dbb71eba	09247863add854c8f90424a8bf7d929be8cc3dae653218894145f534dbb71eba	09247863add854c8f90424a8bf7d929be8cc3dae653218894145f534dbb71eba	1	1	1	1	1	1	1	1	1	1	1	1
clic-validation-014	low-latency	5386808	5386808	5386808	02539e8fe6fad539367e4095c7915b8de2ddc7f5ae3568dd60006266221c6336	02539e8fe6fad539367e4095c7915b8de2ddc7f5ae3568dd60006266221c6336	02539e8fe6fad539367e4095c7915b8de2ddc7f5ae3568dd60006266221c6336	1	1	1	1	1	1	1	1	1	1	1	1
clic-validation-015	default	5769074	5769074	5769074	952c19851c58eb31c904d80dbf8471e3c1852fd85a8193673cef39bbc0b774c4	952c19851c58eb31c904d80dbf8471e3c1852fd85a8193673cef39bbc0b774c4	952c19851c58eb31c904d80dbf8471e3c1852fd85a8193673cef39bbc0b774c4	1	1	1	1	1	1	1	1	1	1	1	1
clic-validation-015	compact	5656200	5656200	5656200	2bf7e29200e43f63d2313332321eee06a4cbec812f6f7fe0fccc75d12e76bec0	2bf7e29200e43f63d2313332321eee06a4cbec812f6f7fe0fccc75d12e76bec0	2bf7e29200e43f63d2313332321eee06a4cbec812f6f7fe0fccc75d12e76bec0	1	1	1	1	1	1	1	1	1	1	1	1
clic-validation-015	low-latency	5684412	5684412	5684412	c6e6b56cc341b26466a4a99112dba8b44256a62d633f70297a833d8a965f2615	c6e6b56cc341b26466a4a99112dba8b44256a62d633f70297a833d8a965f2615	c6e6b56cc341b26466a4a99112dba8b44256a62d633f70297a833d8a965f2615	1	1	1	1	1	1	1	1	1	1	1	1
clic-validation-016	default	5331074	5331074	5331074	e1629d116a2e32a25c9e40b493680c72cac20b791ce0b8fa22d7ee0db3dfa645	e1629d116a2e32a25c9e40b493680c72cac20b791ce0b8fa22d7ee0db3dfa645	e1629d116a2e32a25c9e40b493680c72cac20b791ce0b8fa22d7ee0db3dfa645	1	1	1	1	1	1	1	1	1	1	1	1
clic-validation-016	compact	4555750	4555750	4555750	58f063c0624fced1035134cbbd7080089cf4ebc1751ebf3c75812069bb3e0543	58f063c0624fced1035134cbbd7080089cf4ebc1751ebf3c75812069bb3e0543	58f063c0624fced1035134cbbd7080089cf4ebc1751ebf3c75812069bb3e0543	1	1	1	1	1	1	1	1	1	1	1	1
clic-validation-016	low-latency	4701704	4701704	4701704	59d8731b778639bb58c6487b5a7ce3bee48e3ed40427e35536f44ea86212d27b	59d8731b778639bb58c6487b5a7ce3bee48e3ed40427e35536f44ea86212d27b	59d8731b778639bb58c6487b5a7ce3bee48e3ed40427e35536f44ea86212d27b	1	1	1	1	1	1	1	1	1	1	1	1
clic-validation-017	default	6910582	6910582	6910582	af59fbfdac61e217c815935b3e4db6d0c49c79bb2590abae2b89f444c099a311	af59fbfdac61e217c815935b3e4db6d0c49c79bb2590abae2b89f444c099a311	af59fbfdac61e217c815935b3e4db6d0c49c79bb2590abae2b89f444c099a311	1	1	1	1	1	1	1	1	1	1	1	1
clic-validation-017	compact	6691500	6691500	6691500	c292ccc118db2a047889d7291ebe886a96df2f9e046caed50ec213ba81521249	c292ccc118db2a047889d7291ebe886a96df2f9e046caed50ec213ba81521249	c292ccc118db2a047889d7291ebe886a96df2f9e046caed50ec213ba81521249	1	1	1	1	1	1	1	1	1	1	1	1
clic-validation-017	low-latency	6719656	6719656	6719656	e179d24b01bbe4e8be5b051880547863c28ab4b30f9c8ab97b2519ece50adece	e179d24b01bbe4e8be5b051880547863c28ab4b30f9c8ab97b2519ece50adece	e179d24b01bbe4e8be5b051880547863c28ab4b30f9c8ab97b2519ece50adece	1	1	1	1	1	1	1	1	1	1	1	1
clic-validation-018	default	5479718	5479718	5479718	8c68dcbbb7b6546083c2d7dbced76e386fb5efd51b168c36336c304f36a351be	8c68dcbbb7b6546083c2d7dbced76e386fb5efd51b168c36336c304f36a351be	8c68dcbbb7b6546083c2d7dbced76e386fb5efd51b168c36336c304f36a351be	1	1	1	1	1	1	1	1	1	1	1	1
clic-validation-018	compact	5115144	5115144	5115144	0cbe2ca85c119e547b298d7a4a5a5a66e9b0e9e54121c827e6259a782fd6baad	0cbe2ca85c119e547b298d7a4a5a5a66e9b0e9e54121c827e6259a782fd6baad	0cbe2ca85c119e547b298d7a4a5a5a66e9b0e9e54121c827e6259a782fd6baad	1	1	1	1	1	1	1	1	1	1	1	1
clic-validation-018	low-latency	5118420	5118420	5118420	02cf183ec281c5e4d16e8a594d64dd6b55987bfb7425495a6eb333f12cd4ff18	02cf183ec281c5e4d16e8a594d64dd6b55987bfb7425495a6eb333f12cd4ff18	02cf183ec281c5e4d16e8a594d64dd6b55987bfb7425495a6eb333f12cd4ff18	1	1	1	1	1	1	1	1	1	1	1	1
clic-validation-019	default	4600256	4600256	4600256	8f258a1ef56f6e51ee39199102d21f2da4905ec7d549f6ea2f3760cb4f3235ed	8f258a1ef56f6e51ee39199102d21f2da4905ec7d549f6ea2f3760cb4f3235ed	8f258a1ef56f6e51ee39199102d21f2da4905ec7d549f6ea2f3760cb4f3235ed	1	1	1	1	1	1	1	1	1	1	1	1
clic-validation-019	compact	5039696	5039696	5039696	25da1388cac1646e9fdcc7c812ed2a11050227bb2e06f3990695f7b5e27ee82e	25da1388cac1646e9fdcc7c812ed2a11050227bb2e06f3990695f7b5e27ee82e	25da1388cac1646e9fdcc7c812ed2a11050227bb2e06f3990695f7b5e27ee82e	1	1	1	1	1	1	1	1	1	1	1	1
clic-validation-019	low-latency	5108948	5108948	5108948	2f7d8431ea7fbacf05909e9a0953db42f1d7281df28473d65c3c435ab57621f6	2f7d8431ea7fbacf05909e9a0953db42f1d7281df28473d65c3c435ab57621f6	2f7d8431ea7fbacf05909e9a0953db42f1d7281df28473d65c3c435ab57621f6	1	1	1	1	1	1	1	1	1	1	1	1
clic-validation-020	default	6941342	6941342	6941342	61eb2db42003d707f990a6c6b743a150320ba3a2c8ebec2167153dab1cdacfd3	61eb2db42003d707f990a6c6b743a150320ba3a2c8ebec2167153dab1cdacfd3	61eb2db42003d707f990a6c6b743a150320ba3a2c8ebec2167153dab1cdacfd3	1	1	1	1	1	1	1	1	1	1	1	1
clic-validation-020	compact	6358216	6358216	6358216	d69d02887bb98cccc7d432d850e580f504ca29b96d2bcff1a016c6dd710516e3	d69d02887bb98cccc7d432d850e580f504ca29b96d2bcff1a016c6dd710516e3	d69d02887bb98cccc7d432d850e580f504ca29b96d2bcff1a016c6dd710516e3	1	1	1	1	1	1	1	1	1	1	1	1
clic-validation-020	low-latency	6430820	6430820	6430820	ef2f1dc85ca94255109c18392b95276cf5913be7c241d8bd75634a7331e2c86a	ef2f1dc85ca94255109c18392b95276cf5913be7c241d8bd75634a7331e2c86a	ef2f1dc85ca94255109c18392b95276cf5913be7c241d8bd75634a7331e2c86a	1	1	1	1	1	1	1	1	1	1	1	1
clic-validation-021	default	4572734	4572734	4572734	45c3e99e028f0cdb816ae9ecb022ccf614cad222ce01dc99f448a37b35922ade	45c3e99e028f0cdb816ae9ecb022ccf614cad222ce01dc99f448a37b35922ade	45c3e99e028f0cdb816ae9ecb022ccf614cad222ce01dc99f448a37b35922ade	1	1	1	1	1	1	1	1	1	1	1	1
clic-validation-021	compact	4565070	4565070	4565070	91cd202f840c3273274b71c651969e00deb7bd20720355904c1cc3c9ec8d85e9	91cd202f840c3273274b71c651969e00deb7bd20720355904c1cc3c9ec8d85e9	91cd202f840c3273274b71c651969e00deb7bd20720355904c1cc3c9ec8d85e9	1	1	1	1	1	1	1	1	1	1	1	1
clic-validation-021	low-latency	4693378	4693378	4693378	71de9ebf05e1c6fe6e2c2bfc31b7a64164262a807201f36c57fc13ae89758f64	71de9ebf05e1c6fe6e2c2bfc31b7a64164262a807201f36c57fc13ae89758f64	71de9ebf05e1c6fe6e2c2bfc31b7a64164262a807201f36c57fc13ae89758f64	1	1	1	1	1	1	1	1	1	1	1	1
clic-validation-022	default	5589618	5589618	5589618	5e51e07028652203b4244e9bd5aeef3baf70d72d3a83926729351643c22b01d2	5e51e07028652203b4244e9bd5aeef3baf70d72d3a83926729351643c22b01d2	5e51e07028652203b4244e9bd5aeef3baf70d72d3a83926729351643c22b01d2	1	1	1	1	1	1	1	1	1	1	1	1
clic-validation-022	compact	5628196	5628196	5628196	f2f8fae7534ab1830765ca7472f4d24faa2743b2f5a7af41416fa4b61ecbd6e2	f2f8fae7534ab1830765ca7472f4d24faa2743b2f5a7af41416fa4b61ecbd6e2	f2f8fae7534ab1830765ca7472f4d24faa2743b2f5a7af41416fa4b61ecbd6e2	1	1	1	1	1	1	1	1	1	1	1	1
clic-validation-022	low-latency	5628318	5628318	5628318	08d8fbf809e8b22cc3105b62013375b0cd9698b2edead085e0a68287aa66a8f7	08d8fbf809e8b22cc3105b62013375b0cd9698b2edead085e0a68287aa66a8f7	08d8fbf809e8b22cc3105b62013375b0cd9698b2edead085e0a68287aa66a8f7	1	1	1	1	1	1	1	1	1	1	1	1
clic-validation-023	default	5744942	5744942	5744942	a221bf3785716e32ca6fd89bb5018fc04579d3f3ebfa247c77a5d68715140e69	a221bf3785716e32ca6fd89bb5018fc04579d3f3ebfa247c77a5d68715140e69	a221bf3785716e32ca6fd89bb5018fc04579d3f3ebfa247c77a5d68715140e69	1	1	1	1	1	1	1	1	1	1	1	1
clic-validation-023	compact	5856188	5856188	5856188	2e86b00ca74f6f69493ce7095cde62ae84e258b75396565cf3e0491286c9e657	2e86b00ca74f6f69493ce7095cde62ae84e258b75396565cf3e0491286c9e657	2e86b00ca74f6f69493ce7095cde62ae84e258b75396565cf3e0491286c9e657	1	1	1	1	1	1	1	1	1	1	1	1
clic-validation-023	low-latency	5979252	5979252	5979252	223fade43d32695635806387150f73a370475795441f395d2654a5db8e847455	223fade43d32695635806387150f73a370475795441f395d2654a5db8e847455	223fade43d32695635806387150f73a370475795441f395d2654a5db8e847455	1	1	1	1	1	1	1	1	1	1	1	1
clic-validation-024	default	7019090	7019090	7019090	49221d6724025f176f2c3d97f8b68d3d79a0d70729ecbc016aa79f4433a49891	49221d6724025f176f2c3d97f8b68d3d79a0d70729ecbc016aa79f4433a49891	49221d6724025f176f2c3d97f8b68d3d79a0d70729ecbc016aa79f4433a49891	1	1	1	1	1	1	1	1	1	1	1	1
clic-validation-024	compact	7349344	7349344	7349344	6f0d8854681735eb11a26bc4b0ac4297d98360cb7172bd9f0e2fb38a6dd2816b	6f0d8854681735eb11a26bc4b0ac4297d98360cb7172bd9f0e2fb38a6dd2816b	6f0d8854681735eb11a26bc4b0ac4297d98360cb7172bd9f0e2fb38a6dd2816b	1	1	1	1	1	1	1	1	1	1	1	1
clic-validation-024	low-latency	7363364	7363364	7363364	d8da81edd3132ccae2e5322d87760c0cdd3704374a9b397c72b1ea7ba2f4e469	d8da81edd3132ccae2e5322d87760c0cdd3704374a9b397c72b1ea7ba2f4e469	d8da81edd3132ccae2e5322d87760c0cdd3704374a9b397c72b1ea7ba2f4e469	1	1	1	1	1	1	1	1	1	1	1	1
clic-validation-025	default	8105312	8105312	8105312	390137108afde51bf71245c9389d5a9114ca8f96cdb18e180956e447f812aace	390137108afde51bf71245c9389d5a9114ca8f96cdb18e180956e447f812aace	390137108afde51bf71245c9389d5a9114ca8f96cdb18e180956e447f812aace	1	1	1	1	1	1	1	1	1	1	1	1
clic-validation-025	compact	7869586	7869586	7869586	ee9f8282142bc78b57ce2b133ac4257a82b76723e74340f3b2cb9a94cc3c45b7	ee9f8282142bc78b57ce2b133ac4257a82b76723e74340f3b2cb9a94cc3c45b7	ee9f8282142bc78b57ce2b133ac4257a82b76723e74340f3b2cb9a94cc3c45b7	1	1	1	1	1	1	1	1	1	1	1	1
clic-validation-025	low-latency	8063140	8063140	8063140	8739808ac30d6a1b5bdfdad5811dbf88cf9d5d3a63cf0bb0f33733fe0653fbf7	8739808ac30d6a1b5bdfdad5811dbf88cf9d5d3a63cf0bb0f33733fe0653fbf7	8739808ac30d6a1b5bdfdad5811dbf88cf9d5d3a63cf0bb0f33733fe0653fbf7	1	1	1	1	1	1	1	1	1	1	1	1
clic-validation-026	default	8891084	8891084	8891084	474a76521167300d9b6df55456164a352df0f551594ec5b67426a8f9080f1036	474a76521167300d9b6df55456164a352df0f551594ec5b67426a8f9080f1036	474a76521167300d9b6df55456164a352df0f551594ec5b67426a8f9080f1036	1	1	1	1	1	1	1	1	1	1	1	1
clic-validation-026	compact	8259084	8259084	8259084	656f4ad2aaefd2362c1331bf01e6902fca90e6bc10dc777fe23dfcb777499b69	656f4ad2aaefd2362c1331bf01e6902fca90e6bc10dc777fe23dfcb777499b69	656f4ad2aaefd2362c1331bf01e6902fca90e6bc10dc777fe23dfcb777499b69	1	1	1	1	1	1	1	1	1	1	1	1
clic-validation-026	low-latency	8349358	8349358	8349358	1f98c84458d1c052b2a337cd9386bf68cb29ffb26cc5d3d9ac13059f1fa48cbe	1f98c84458d1c052b2a337cd9386bf68cb29ffb26cc5d3d9ac13059f1fa48cbe	1f98c84458d1c052b2a337cd9386bf68cb29ffb26cc5d3d9ac13059f1fa48cbe	1	1	1	1	1	1	1	1	1	1	1	1
clic-validation-027	default	5964034	5964034	5964034	7cb3dead042e47735e6b9132380bc64220a81a535c6084bab37bae2b4fd8a0b5	7cb3dead042e47735e6b9132380bc64220a81a535c6084bab37bae2b4fd8a0b5	7cb3dead042e47735e6b9132380bc64220a81a535c6084bab37bae2b4fd8a0b5	1	1	1	1	1	1	1	1	1	1	1	1
clic-validation-027	compact	6933844	6933844	6933844	0e1e34f78d81a5dc9170c456cdd4fdbf25a5a1349ca4db3ac3d6f27b71664cb2	0e1e34f78d81a5dc9170c456cdd4fdbf25a5a1349ca4db3ac3d6f27b71664cb2	0e1e34f78d81a5dc9170c456cdd4fdbf25a5a1349ca4db3ac3d6f27b71664cb2	1	1	1	1	1	1	1	1	1	1	1	1
clic-validation-027	low-latency	7076126	7076126	7076126	860f3367103a5d90dad34bc78e6f8a9d73a3092dad8658ce7da61ac86ccc9893	860f3367103a5d90dad34bc78e6f8a9d73a3092dad8658ce7da61ac86ccc9893	860f3367103a5d90dad34bc78e6f8a9d73a3092dad8658ce7da61ac86ccc9893	1	1	1	1	1	1	1	1	1	1	1	1
clic-validation-028	default	6561444	6561444	6561444	4c81abbc4715a70092f25c87b978b399efea0aee70d43c23a311d842e3dfe568	4c81abbc4715a70092f25c87b978b399efea0aee70d43c23a311d842e3dfe568	4c81abbc4715a70092f25c87b978b399efea0aee70d43c23a311d842e3dfe568	1	1	1	1	1	1	1	1	1	1	1	1
clic-validation-028	compact	7265392	7265392	7265392	4b3bb7dea5f40d65600913f1468f4eebd1b5260138a12faf7714b31098d9c37f	4b3bb7dea5f40d65600913f1468f4eebd1b5260138a12faf7714b31098d9c37f	4b3bb7dea5f40d65600913f1468f4eebd1b5260138a12faf7714b31098d9c37f	1	1	1	1	1	1	1	1	1	1	1	1
clic-validation-028	low-latency	7360348	7360348	7360348	85f10fc5f3f935004f57811903d2e1559ed237e6ac7193a6d628f72c658d8590	85f10fc5f3f935004f57811903d2e1559ed237e6ac7193a6d628f72c658d8590	85f10fc5f3f935004f57811903d2e1559ed237e6ac7193a6d628f72c658d8590	1	1	1	1	1	1	1	1	1	1	1	1
clic-validation-029	default	6136958	6136958	6136958	1ead05235a8d3e671d8b909d6797f1f1728a940300cd87b5a7020e5022ceff4f	1ead05235a8d3e671d8b909d6797f1f1728a940300cd87b5a7020e5022ceff4f	1ead05235a8d3e671d8b909d6797f1f1728a940300cd87b5a7020e5022ceff4f	1	1	1	1	1	1	1	1	1	1	1	1
clic-validation-029	compact	6107890	6107890	6107890	7d9f9394234c124e7f6312afcb64f71a8a36b0420f0ddc64962334d01890dcd1	7d9f9394234c124e7f6312afcb64f71a8a36b0420f0ddc64962334d01890dcd1	7d9f9394234c124e7f6312afcb64f71a8a36b0420f0ddc64962334d01890dcd1	1	1	1	1	1	1	1	1	1	1	1	1
clic-validation-029	low-latency	6030840	6030840	6030840	f9ecbb9bb3bc8da55735432bcbf1fc50a632205963bf953dd38503238f94a475	f9ecbb9bb3bc8da55735432bcbf1fc50a632205963bf953dd38503238f94a475	f9ecbb9bb3bc8da55735432bcbf1fc50a632205963bf953dd38503238f94a475	1	1	1	1	1	1	1	1	1	1	1	1
clic-validation-030	default	8570450	8570450	8570450	942b53c0baf5a49e2c84ef5baaec711cf9acd38466fa49b4afa763d885259d09	942b53c0baf5a49e2c84ef5baaec711cf9acd38466fa49b4afa763d885259d09	942b53c0baf5a49e2c84ef5baaec711cf9acd38466fa49b4afa763d885259d09	1	1	1	1	1	1	1	1	1	1	1	1
clic-validation-030	compact	8257108	8257108	8257108	6c13045f4dd174d2a135c06037732a920346e5c08ffede79dcf9643f2eb86136	6c13045f4dd174d2a135c06037732a920346e5c08ffede79dcf9643f2eb86136	6c13045f4dd174d2a135c06037732a920346e5c08ffede79dcf9643f2eb86136	1	1	1	1	1	1	1	1	1	1	1	1
clic-validation-030	low-latency	8705786	8705786	8705786	012d53c40449bdc5c38594d41e9f208d54b5a700fa4faf402bdf8848c854062a	012d53c40449bdc5c38594d41e9f208d54b5a700fa4faf402bdf8848c854062a	012d53c40449bdc5c38594d41e9f208d54b5a700fa4faf402bdf8848c854062a	1	1	1	1	1	1	1	1	1	1	1	1
clic-validation-031	default	7531522	7531522	7531522	799111df28c02393f07a36beae997d16740985e49640106eb076c65033e3741f	799111df28c02393f07a36beae997d16740985e49640106eb076c65033e3741f	799111df28c02393f07a36beae997d16740985e49640106eb076c65033e3741f	1	1	1	1	1	1	1	1	1	1	1	1
clic-validation-031	compact	7174330	7174330	7174330	74ec9e59de87abfd4be17b67a78218aa29c1c4d071df5d787c3dd6c00cb3ac5f	74ec9e59de87abfd4be17b67a78218aa29c1c4d071df5d787c3dd6c00cb3ac5f	74ec9e59de87abfd4be17b67a78218aa29c1c4d071df5d787c3dd6c00cb3ac5f	1	1	1	1	1	1	1	1	1	1	1	1
clic-validation-031	low-latency	7277258	7277258	7277258	d350323280853ce84bb770178b3ce91b39391ae34796bf4b41a7aa2518ce183f	d350323280853ce84bb770178b3ce91b39391ae34796bf4b41a7aa2518ce183f	d350323280853ce84bb770178b3ce91b39391ae34796bf4b41a7aa2518ce183f	1	1	1	1	1	1	1	1	1	1	1	1
clic-validation-032	default	7299398	7299398	7299398	1de1472dd6b34db507fcc87dc639db6178c0e5377f994490689cbe388c26cb10	1de1472dd6b34db507fcc87dc639db6178c0e5377f994490689cbe388c26cb10	1de1472dd6b34db507fcc87dc639db6178c0e5377f994490689cbe388c26cb10	1	1	1	1	1	1	1	1	1	1	1	1
clic-validation-032	compact	6915788	6915788	6915788	0bd67d79c4b8f71ad003be3ba87ebf4bff5b48f5b0be38f66504161db0278ef4	0bd67d79c4b8f71ad003be3ba87ebf4bff5b48f5b0be38f66504161db0278ef4	0bd67d79c4b8f71ad003be3ba87ebf4bff5b48f5b0be38f66504161db0278ef4	1	1	1	1	1	1	1	1	1	1	1	1
clic-validation-032	low-latency	6987574	6987574	6987574	6102512502209408f7ed2bc74ca1abdd2fc286523d362ef6bd238da98bb5974c	6102512502209408f7ed2bc74ca1abdd2fc286523d362ef6bd238da98bb5974c	6102512502209408f7ed2bc74ca1abdd2fc286523d362ef6bd238da98bb5974c	1	1	1	1	1	1	1	1	1	1	1	1
clic-validation-033	default	8069182	8069182	8069182	bbb1e24b2752cfd7e23277a43042608584c91a43ec058f0836a04bfa875207c5	bbb1e24b2752cfd7e23277a43042608584c91a43ec058f0836a04bfa875207c5	bbb1e24b2752cfd7e23277a43042608584c91a43ec058f0836a04bfa875207c5	1	1	1	1	1	1	1	1	1	1	1	1
clic-validation-033	compact	8462362	8462362	8462362	776c664501de78d8de342a3561dd78f33c4914701a2f81f988ab8799beb0eb85	776c664501de78d8de342a3561dd78f33c4914701a2f81f988ab8799beb0eb85	776c664501de78d8de342a3561dd78f33c4914701a2f81f988ab8799beb0eb85	1	1	1	1	1	1	1	1	1	1	1	1
clic-validation-033	low-latency	8431672	8431672	8431672	fa1a44a9f01182ab37595c130646e217197956e8bc6686992fee8b12b5982b7a	fa1a44a9f01182ab37595c130646e217197956e8bc6686992fee8b12b5982b7a	fa1a44a9f01182ab37595c130646e217197956e8bc6686992fee8b12b5982b7a	1	1	1	1	1	1	1	1	1	1	1	1
clic-validation-034	default	8618366	8618366	8618366	e7838e5df04a3532b91d13a82ed5cf66330796ad5b9f500c550b6d51c8897995	e7838e5df04a3532b91d13a82ed5cf66330796ad5b9f500c550b6d51c8897995	e7838e5df04a3532b91d13a82ed5cf66330796ad5b9f500c550b6d51c8897995	1	1	1	1	1	1	1	1	1	1	1	1
clic-validation-034	compact	8425850	8425850	8425850	6c24c08205da874d3d8e90d805cba0c708144a6ddf09d75019b8fa58af047dba	6c24c08205da874d3d8e90d805cba0c708144a6ddf09d75019b8fa58af047dba	6c24c08205da874d3d8e90d805cba0c708144a6ddf09d75019b8fa58af047dba	1	1	1	1	1	1	1	1	1	1	1	1
clic-validation-034	low-latency	8475800	8475800	8475800	939230ccd339518ee7cb2c0d6c4c0240917d87a5707d3e0110cfe96595f20adb	939230ccd339518ee7cb2c0d6c4c0240917d87a5707d3e0110cfe96595f20adb	939230ccd339518ee7cb2c0d6c4c0240917d87a5707d3e0110cfe96595f20adb	1	1	1	1	1	1	1	1	1	1	1	1
clic-validation-035	default	8048070	8048070	8048070	37f6ff26d72d8253f4fa933115415d776c7e92b15807e206890880f39a62cdae	37f6ff26d72d8253f4fa933115415d776c7e92b15807e206890880f39a62cdae	37f6ff26d72d8253f4fa933115415d776c7e92b15807e206890880f39a62cdae	1	1	1	1	1	1	1	1	1	1	1	1
clic-validation-035	compact	8124282	8124282	8124282	860d3c46861d4379055fae86e88058d295c1dfba8352fb171cfdf362085da594	860d3c46861d4379055fae86e88058d295c1dfba8352fb171cfdf362085da594	860d3c46861d4379055fae86e88058d295c1dfba8352fb171cfdf362085da594	1	1	1	1	1	1	1	1	1	1	1	1
clic-validation-035	low-latency	8055284	8055284	8055284	1dff7212279ad0d8140621a48cb74ea128f2596d7a85917341c875725634c883	1dff7212279ad0d8140621a48cb74ea128f2596d7a85917341c875725634c883	1dff7212279ad0d8140621a48cb74ea128f2596d7a85917341c875725634c883	1	1	1	1	1	1	1	1	1	1	1	1
clic-validation-036	default	8305656	8305656	8305656	31fc7c444e97ba05b6ffa1acfc33a19f603a43dfffacf6f31db8d1eeb5b240d7	31fc7c444e97ba05b6ffa1acfc33a19f603a43dfffacf6f31db8d1eeb5b240d7	31fc7c444e97ba05b6ffa1acfc33a19f603a43dfffacf6f31db8d1eeb5b240d7	1	1	1	1	1	1	1	1	1	1	1	1
clic-validation-036	compact	7281758	7281758	7281758	c4bd3da9219befd6e5eca96a934c30291edffe8da3b67704a14826b4e5508325	c4bd3da9219befd6e5eca96a934c30291edffe8da3b67704a14826b4e5508325	c4bd3da9219befd6e5eca96a934c30291edffe8da3b67704a14826b4e5508325	1	1	1	1	1	1	1	1	1	1	1	1
clic-validation-036	low-latency	7368046	7368046	7368046	e1eb478d329727473ba6ff99373284f40dddb9ae07f71a4c97328ae3efa33ef3	e1eb478d329727473ba6ff99373284f40dddb9ae07f71a4c97328ae3efa33ef3	e1eb478d329727473ba6ff99373284f40dddb9ae07f71a4c97328ae3efa33ef3	1	1	1	1	1	1	1	1	1	1	1	1
clic-validation-037	default	8246464	8246464	8246464	945e57e8296b08b109a16bef0600ab42d27d6e6e8bec59b6e532866037f2edf1	945e57e8296b08b109a16bef0600ab42d27d6e6e8bec59b6e532866037f2edf1	945e57e8296b08b109a16bef0600ab42d27d6e6e8bec59b6e532866037f2edf1	1	1	1	1	1	1	1	1	1	1	1	1
clic-validation-037	compact	7772372	7772372	7772372	51162c6596b1bd530adec0c379b9738580a27bbb06a718dc937a1dd291d102b3	51162c6596b1bd530adec0c379b9738580a27bbb06a718dc937a1dd291d102b3	51162c6596b1bd530adec0c379b9738580a27bbb06a718dc937a1dd291d102b3	1	1	1	1	1	1	1	1	1	1	1	1
clic-validation-037	low-latency	7805588	7805588	7805588	22f7ad99e06fdacd949faa6cfa39fc60477138f514502b10f3e1e9fa00425f87	22f7ad99e06fdacd949faa6cfa39fc60477138f514502b10f3e1e9fa00425f87	22f7ad99e06fdacd949faa6cfa39fc60477138f514502b10f3e1e9fa00425f87	1	1	1	1	1	1	1	1	1	1	1	1
clic-validation-038	default	7673578	7673578	7673578	1cade36432e04dd1b989e4fde5cf409837820f3f937ffff7370e00b9b3359ec9	1cade36432e04dd1b989e4fde5cf409837820f3f937ffff7370e00b9b3359ec9	1cade36432e04dd1b989e4fde5cf409837820f3f937ffff7370e00b9b3359ec9	1	1	1	1	1	1	1	1	1	1	1	1
clic-validation-038	compact	8140256	8140256	8140256	48543d75bed679461f6bf84c09d7d5d392b070b0f4db5869d1b865e749deb371	48543d75bed679461f6bf84c09d7d5d392b070b0f4db5869d1b865e749deb371	48543d75bed679461f6bf84c09d7d5d392b070b0f4db5869d1b865e749deb371	1	1	1	1	1	1	1	1	1	1	1	1
clic-validation-038	low-latency	8129706	8129706	8129706	c154d8582a0dd35eae5315e35abea6659a9885016dfaca927a7c51e3f973a024	c154d8582a0dd35eae5315e35abea6659a9885016dfaca927a7c51e3f973a024	c154d8582a0dd35eae5315e35abea6659a9885016dfaca927a7c51e3f973a024	1	1	1	1	1	1	1	1	1	1	1	1
clic-validation-039	default	8203404	8203404	8203404	c0d23a0ff3a08c05c65d79c9777e691c937cb02b3ecab828df68d54da4087113	c0d23a0ff3a08c05c65d79c9777e691c937cb02b3ecab828df68d54da4087113	c0d23a0ff3a08c05c65d79c9777e691c937cb02b3ecab828df68d54da4087113	1	1	1	1	1	1	1	1	1	1	1	1
clic-validation-039	compact	7163302	7163302	7163302	6e18bb72a165ec394aecce2ddd1ee90914fda779077539a44689fb0936d6d4e9	6e18bb72a165ec394aecce2ddd1ee90914fda779077539a44689fb0936d6d4e9	6e18bb72a165ec394aecce2ddd1ee90914fda779077539a44689fb0936d6d4e9	1	1	1	1	1	1	1	1	1	1	1	1
clic-validation-039	low-latency	7174990	7174990	7174990	66904cd35dff922656d2678ef4c2cd6e01ccad6dd6f511b189589c96a213dedc	66904cd35dff922656d2678ef4c2cd6e01ccad6dd6f511b189589c96a213dedc	66904cd35dff922656d2678ef4c2cd6e01ccad6dd6f511b189589c96a213dedc	1	1	1	1	1	1	1	1	1	1	1	1
clic-validation-040	default	7870646	7870646	7870646	b0e1ddd6ae7af2e1884c5349e0585a50278306bb96d88591feab15512631724a	b0e1ddd6ae7af2e1884c5349e0585a50278306bb96d88591feab15512631724a	b0e1ddd6ae7af2e1884c5349e0585a50278306bb96d88591feab15512631724a	1	1	1	1	1	1	1	1	1	1	1	1
clic-validation-040	compact	6948508	6948508	6948508	b3f8bee475bc7f472b011a25fc6669faff18a40e0e71451f4c83cee28ac7e08f	b3f8bee475bc7f472b011a25fc6669faff18a40e0e71451f4c83cee28ac7e08f	b3f8bee475bc7f472b011a25fc6669faff18a40e0e71451f4c83cee28ac7e08f	1	1	1	1	1	1	1	1	1	1	1	1
clic-validation-040	low-latency	7112000	7112000	7112000	ab430c2bdacf13372465c6c10d6ce5b5edcca0b45104b79cdc9d4feeb676e483	ab430c2bdacf13372465c6c10d6ce5b5edcca0b45104b79cdc9d4feeb676e483	ab430c2bdacf13372465c6c10d6ce5b5edcca0b45104b79cdc9d4feeb676e483	1	1	1	1	1	1	1	1	1	1	1	1
clic-validation-041	default	8610668	8610668	8610668	576e1e1d364af8c7a11324f95b0fb0206d7b249d0db9f465d38ff8d3debc07c4	576e1e1d364af8c7a11324f95b0fb0206d7b249d0db9f465d38ff8d3debc07c4	576e1e1d364af8c7a11324f95b0fb0206d7b249d0db9f465d38ff8d3debc07c4	1	1	1	1	1	1	1	1	1	1	1	1
clic-validation-041	compact	8085038	8085038	8085038	0fa2936e97842dc5f1a52a5fd9a584fe2a1d4ec916759a65e5cb291bec510a0d	0fa2936e97842dc5f1a52a5fd9a584fe2a1d4ec916759a65e5cb291bec510a0d	0fa2936e97842dc5f1a52a5fd9a584fe2a1d4ec916759a65e5cb291bec510a0d	1	1	1	1	1	1	1	1	1	1	1	1
clic-validation-041	low-latency	8245686	8245686	8245686	b5120749ca3631f1414138912345173fb1827655950fce92a9ce8beb4933112e	b5120749ca3631f1414138912345173fb1827655950fce92a9ce8beb4933112e	b5120749ca3631f1414138912345173fb1827655950fce92a9ce8beb4933112e	1	1	1	1	1	1	1	1	1	1	1	1
clic-validation-042	default	8454476	8454476	8454476	fef8952fb17c46d438aafaa4aa2f6b6e760757cea15feeb78c760afd4ab7f685	fef8952fb17c46d438aafaa4aa2f6b6e760757cea15feeb78c760afd4ab7f685	fef8952fb17c46d438aafaa4aa2f6b6e760757cea15feeb78c760afd4ab7f685	1	1	1	1	1	1	1	1	1	1	1	1
clic-validation-042	compact	8347186	8347186	8347186	591e2e61272510187b40bc7e123c0dd8943ebec404f77c565bd95d6cdc9444ed	591e2e61272510187b40bc7e123c0dd8943ebec404f77c565bd95d6cdc9444ed	591e2e61272510187b40bc7e123c0dd8943ebec404f77c565bd95d6cdc9444ed	1	1	1	1	1	1	1	1	1	1	1	1
clic-validation-042	low-latency	8621620	8621620	8621620	1f71eb74dee665a487313cc16da1f3b8fa32d343a19db350a1fab01c52ab2b45	1f71eb74dee665a487313cc16da1f3b8fa32d343a19db350a1fab01c52ab2b45	1f71eb74dee665a487313cc16da1f3b8fa32d343a19db350a1fab01c52ab2b45	1	1	1	1	1	1	1	1	1	1	1	1
clic-validation-043	default	8701170	8701170	8701170	a987d33b39d589b7ffc1899bf67d2e8871a289186a31e9c8064b5d99889b0718	a987d33b39d589b7ffc1899bf67d2e8871a289186a31e9c8064b5d99889b0718	a987d33b39d589b7ffc1899bf67d2e8871a289186a31e9c8064b5d99889b0718	1	1	1	1	1	1	1	1	1	1	1	1
clic-validation-043	compact	7924562	7924562	7924562	f2c97c93bb556a74941c925de22dc38ffa4778a75eb779b604b27c6132285e92	f2c97c93bb556a74941c925de22dc38ffa4778a75eb779b604b27c6132285e92	f2c97c93bb556a74941c925de22dc38ffa4778a75eb779b604b27c6132285e92	1	1	1	1	1	1	1	1	1	1	1	1
clic-validation-043	low-latency	8110152	8110152	8110152	1c09da2e4abfaf3b66e8abc35b2386a21af3467a7127720e59db02f22b4f5f3a	1c09da2e4abfaf3b66e8abc35b2386a21af3467a7127720e59db02f22b4f5f3a	1c09da2e4abfaf3b66e8abc35b2386a21af3467a7127720e59db02f22b4f5f3a	1	1	1	1	1	1	1	1	1	1	1	1
clic-validation-044	default	8235844	8235844	8235844	581f9b523d29e0c62f0523bfc025cc1941f95a8d7e8e477a3a2274b7d286d911	581f9b523d29e0c62f0523bfc025cc1941f95a8d7e8e477a3a2274b7d286d911	581f9b523d29e0c62f0523bfc025cc1941f95a8d7e8e477a3a2274b7d286d911	1	1	1	1	1	1	1	1	1	1	1	1
clic-validation-044	compact	7873888	7873888	7873888	92d8390e82fe29fc5f532ec7c6dacbc9cc179c0b11930bff794a5b557f05cf38	92d8390e82fe29fc5f532ec7c6dacbc9cc179c0b11930bff794a5b557f05cf38	92d8390e82fe29fc5f532ec7c6dacbc9cc179c0b11930bff794a5b557f05cf38	1	1	1	1	1	1	1	1	1	1	1	1
clic-validation-044	low-latency	8131272	8131272	8131272	9a651f7df2f7019e665bbd994c714c2cfd59f008c29c824321a78a47464cdb06	9a651f7df2f7019e665bbd994c714c2cfd59f008c29c824321a78a47464cdb06	9a651f7df2f7019e665bbd994c714c2cfd59f008c29c824321a78a47464cdb06	1	1	1	1	1	1	1	1	1	1	1	1
clic-validation-045	default	8371812	8371812	8371812	9ac0fdc08d9a17d6133f96c6130b75faf95ef21bf4c3a2ceac0b14b1999f003f	9ac0fdc08d9a17d6133f96c6130b75faf95ef21bf4c3a2ceac0b14b1999f003f	9ac0fdc08d9a17d6133f96c6130b75faf95ef21bf4c3a2ceac0b14b1999f003f	1	1	1	1	1	1	1	1	1	1	1	1
clic-validation-045	compact	7900172	7900172	7900172	a7927cb372a72533c80a8abfd83c108a98ce5e6eefdb336b9e2a49aee3a7592b	a7927cb372a72533c80a8abfd83c108a98ce5e6eefdb336b9e2a49aee3a7592b	a7927cb372a72533c80a8abfd83c108a98ce5e6eefdb336b9e2a49aee3a7592b	1	1	1	1	1	1	1	1	1	1	1	1
clic-validation-045	low-latency	8110572	8110572	8110572	982f8bf8ec41aff130372028b1127a08f395be64e1de4763b85b24361a436a06	982f8bf8ec41aff130372028b1127a08f395be64e1de4763b85b24361a436a06	982f8bf8ec41aff130372028b1127a08f395be64e1de4763b85b24361a436a06	1	1	1	1	1	1	1	1	1	1	1	1
clic-validation-046	default	8322816	8322816	8322816	17b1f4c8bbdeafd642925447f86ef6c82cc5b4105f1b3dc6c7b2ffca42b6234c	17b1f4c8bbdeafd642925447f86ef6c82cc5b4105f1b3dc6c7b2ffca42b6234c	17b1f4c8bbdeafd642925447f86ef6c82cc5b4105f1b3dc6c7b2ffca42b6234c	1	1	1	1	1	1	1	1	1	1	1	1
clic-validation-046	compact	7848400	7848400	7848400	7b92da631d8fc73bdee92fe721f56608232d0c156cfefce435f7891d0f73aded	7b92da631d8fc73bdee92fe721f56608232d0c156cfefce435f7891d0f73aded	7b92da631d8fc73bdee92fe721f56608232d0c156cfefce435f7891d0f73aded	1	1	1	1	1	1	1	1	1	1	1	1
clic-validation-046	low-latency	7954172	7954172	7954172	7b78272878f45f6b4ffd0beba7bdec428c72efe36ec5a05b49f68d9be43caed1	7b78272878f45f6b4ffd0beba7bdec428c72efe36ec5a05b49f68d9be43caed1	7b78272878f45f6b4ffd0beba7bdec428c72efe36ec5a05b49f68d9be43caed1	1	1	1	1	1	1	1	1	1	1	1	1
clic-validation-047	default	8190702	8190702	8190702	4504f08fbd3d336bf14ea6542230d9a224ccb3743f48c493479a242b9a260df8	4504f08fbd3d336bf14ea6542230d9a224ccb3743f48c493479a242b9a260df8	4504f08fbd3d336bf14ea6542230d9a224ccb3743f48c493479a242b9a260df8	1	1	1	1	1	1	1	1	1	1	1	1
clic-validation-047	compact	7957054	7957054	7957054	724204bd1d060a9c2d79b66e733f8c5422058d1e3987d7ab8a2c007fcd7bb40b	724204bd1d060a9c2d79b66e733f8c5422058d1e3987d7ab8a2c007fcd7bb40b	724204bd1d060a9c2d79b66e733f8c5422058d1e3987d7ab8a2c007fcd7bb40b	1	1	1	1	1	1	1	1	1	1	1	1
clic-validation-047	low-latency	8191412	8191412	8191412	ac7cb67377c152e5cda800fc2417c9cb15fdd45deb95fd04e01e2299ae1c1672	ac7cb67377c152e5cda800fc2417c9cb15fdd45deb95fd04e01e2299ae1c1672	ac7cb67377c152e5cda800fc2417c9cb15fdd45deb95fd04e01e2299ae1c1672	1	1	1	1	1	1	1	1	1	1	1	1
clic-validation-048	default	8200010	8200010	8200010	3870a50c007fd47747b7b8c5d42e2f7653b7cc894e4598633ec2f0871e25303d	3870a50c007fd47747b7b8c5d42e2f7653b7cc894e4598633ec2f0871e25303d	3870a50c007fd47747b7b8c5d42e2f7653b7cc894e4598633ec2f0871e25303d	1	1	1	1	1	1	1	1	1	1	1	1
clic-validation-048	compact	7906474	7906474	7906474	a98f0dc8131b35604ddff46bf2870c539fa8525b7f21c531fd0802ec5fb309bc	a98f0dc8131b35604ddff46bf2870c539fa8525b7f21c531fd0802ec5fb309bc	a98f0dc8131b35604ddff46bf2870c539fa8525b7f21c531fd0802ec5fb309bc	1	1	1	1	1	1	1	1	1	1	1	1
clic-validation-048	low-latency	7848440	7848440	7848440	b581a8de37cb9090ff41ce5c3ccd7cc083589c63994676b7f54e2002b6d2c8d9	b581a8de37cb9090ff41ce5c3ccd7cc083589c63994676b7f54e2002b6d2c8d9	b581a8de37cb9090ff41ce5c3ccd7cc083589c63994676b7f54e2002b6d2c8d9	1	1	1	1	1	1	1	1	1	1	1	1
clic-validation-049	default	8104132	8104132	8104132	3bb10212176cae7ad4974e12a3b90a86812d8c87deb7290c2700817c94d95feb	3bb10212176cae7ad4974e12a3b90a86812d8c87deb7290c2700817c94d95feb	3bb10212176cae7ad4974e12a3b90a86812d8c87deb7290c2700817c94d95feb	1	1	1	1	1	1	1	1	1	1	1	1
clic-validation-049	compact	7822290	7822290	7822290	77829f6475232cefa20c5e14894cabaa507d1da224478e27a83cf389bbe1791e	77829f6475232cefa20c5e14894cabaa507d1da224478e27a83cf389bbe1791e	77829f6475232cefa20c5e14894cabaa507d1da224478e27a83cf389bbe1791e	1	1	1	1	1	1	1	1	1	1	1	1
clic-validation-049	low-latency	8108738	8108738	8108738	5b22eb8fd04e4be95385c9b5383ad3cce152bae112f6f0ee13d3599f02243395	5b22eb8fd04e4be95385c9b5383ad3cce152bae112f6f0ee13d3599f02243395	5b22eb8fd04e4be95385c9b5383ad3cce152bae112f6f0ee13d3599f02243395	1	1	1	1	1	1	1	1	1	1	1	1
clic-validation-050	default	8183580	8183580	8183580	932089eb843c947360637be79cc0e01236b5088f541631ef17c921cf8ee9b211	932089eb843c947360637be79cc0e01236b5088f541631ef17c921cf8ee9b211	932089eb843c947360637be79cc0e01236b5088f541631ef17c921cf8ee9b211	1	1	1	1	1	1	1	1	1	1	1	1
clic-validation-050	compact	7378716	7378716	7378716	339be2134e19fe0eab49da973e1dafdafd39093a3d53cfa63bb65ae9680e0357	339be2134e19fe0eab49da973e1dafdafd39093a3d53cfa63bb65ae9680e0357	339be2134e19fe0eab49da973e1dafdafd39093a3d53cfa63bb65ae9680e0357	1	1	1	1	1	1	1	1	1	1	1	1
clic-validation-050	low-latency	7478216	7478216	7478216	c7539b145d620580c55c6a54cb93b8f237040ee1627fd1740a774750c483fe5e	c7539b145d620580c55c6a54cb93b8f237040ee1627fd1740a774750c483fe5e	c7539b145d620580c55c6a54cb93b8f237040ee1627fd1740a774750c483fe5e	1	1	1	1	1	1	1	1	1	1	1	1
clic-validation-051	default	9078640	9078640	9078640	301b06c8d7aae07824a2551ad3f1ccf5515984d6cd1b3476060154327624bdc9	301b06c8d7aae07824a2551ad3f1ccf5515984d6cd1b3476060154327624bdc9	301b06c8d7aae07824a2551ad3f1ccf5515984d6cd1b3476060154327624bdc9	1	1	1	1	1	1	1	1	1	1	1	1
clic-validation-051	compact	8580442	8580442	8580442	3361edaba173d32dc168550d586b1b8de908976676beb53b1b10019672ad2903	3361edaba173d32dc168550d586b1b8de908976676beb53b1b10019672ad2903	3361edaba173d32dc168550d586b1b8de908976676beb53b1b10019672ad2903	1	1	1	1	1	1	1	1	1	1	1	1
clic-validation-051	low-latency	8648696	8648696	8648696	8a64263b99b88443bb3d627582339ae7bd9862063dff431808c562ab9e0e2612	8a64263b99b88443bb3d627582339ae7bd9862063dff431808c562ab9e0e2612	8a64263b99b88443bb3d627582339ae7bd9862063dff431808c562ab9e0e2612	1	1	1	1	1	1	1	1	1	1	1	1
clic-validation-052	default	8271928	8271928	8271928	983ef53a72df9aca66510be1ef9f76b53c62be8c399629ee6d93f5c9e6a25fe3	983ef53a72df9aca66510be1ef9f76b53c62be8c399629ee6d93f5c9e6a25fe3	983ef53a72df9aca66510be1ef9f76b53c62be8c399629ee6d93f5c9e6a25fe3	1	1	1	1	1	1	1	1	1	1	1	1
clic-validation-052	compact	7718096	7718096	7718096	e6c748b45bbe3ff8eea9178e87915d607b1a8be1f413e14e356ba334ae9d0dc9	e6c748b45bbe3ff8eea9178e87915d607b1a8be1f413e14e356ba334ae9d0dc9	e6c748b45bbe3ff8eea9178e87915d607b1a8be1f413e14e356ba334ae9d0dc9	1	1	1	1	1	1	1	1	1	1	1	1
clic-validation-052	low-latency	7997574	7997574	7997574	2ff728c105797dd90f81160076e6ffa544d0a4a50cf0438d2414025d78cc18b4	2ff728c105797dd90f81160076e6ffa544d0a4a50cf0438d2414025d78cc18b4	2ff728c105797dd90f81160076e6ffa544d0a4a50cf0438d2414025d78cc18b4	1	1	1	1	1	1	1	1	1	1	1	1
clic-validation-053	default	7923438	7923438	7923438	5bfd340fe99e9bf875fb4287e3c0f6c21aa23838fbcc2a6e73f0bbf6aea70c8a	5bfd340fe99e9bf875fb4287e3c0f6c21aa23838fbcc2a6e73f0bbf6aea70c8a	5bfd340fe99e9bf875fb4287e3c0f6c21aa23838fbcc2a6e73f0bbf6aea70c8a	1	1	1	1	1	1	1	1	1	1	1	1
clic-validation-053	compact	7672802	7672802	7672802	c16f2c030265a82bee70225715f6398ebb10c347e2fc78d90fd9d108a5f21b4d	c16f2c030265a82bee70225715f6398ebb10c347e2fc78d90fd9d108a5f21b4d	c16f2c030265a82bee70225715f6398ebb10c347e2fc78d90fd9d108a5f21b4d	1	1	1	1	1	1	1	1	1	1	1	1
clic-validation-053	low-latency	7683910	7683910	7683910	3fad61e8cb4d05a3b314fb55116d7aed7c3624bd571816d26bfb2461f257dda8	3fad61e8cb4d05a3b314fb55116d7aed7c3624bd571816d26bfb2461f257dda8	3fad61e8cb4d05a3b314fb55116d7aed7c3624bd571816d26bfb2461f257dda8	1	1	1	1	1	1	1	1	1	1	1	1
clic-validation-054	default	7051680	7051680	7051680	b77494571db5d213987d64eb957c72dee63b4530a3a12a0dca6c30381655ec45	b77494571db5d213987d64eb957c72dee63b4530a3a12a0dca6c30381655ec45	b77494571db5d213987d64eb957c72dee63b4530a3a12a0dca6c30381655ec45	1	1	1	1	1	1	1	1	1	1	1	1
clic-validation-054	compact	7105098	7105098	7105098	0f5a0259a98e3c1e5b201788aae3afe47662551706ee1bcf90f796fd42b50ae3	0f5a0259a98e3c1e5b201788aae3afe47662551706ee1bcf90f796fd42b50ae3	0f5a0259a98e3c1e5b201788aae3afe47662551706ee1bcf90f796fd42b50ae3	1	1	1	1	1	1	1	1	1	1	1	1
clic-validation-054	low-latency	7334782	7334782	7334782	3bf9de8ec5fb03d20d9efa4800f8016ae1dc02be604d9e32f6835b2e863f8ae7	3bf9de8ec5fb03d20d9efa4800f8016ae1dc02be604d9e32f6835b2e863f8ae7	3bf9de8ec5fb03d20d9efa4800f8016ae1dc02be604d9e32f6835b2e863f8ae7	1	1	1	1	1	1	1	1	1	1	1	1
clic-validation-055	default	7611432	7611432	7611432	d7233b3eee9951eb41b8fbc859f58f61753dcd6fd5a437a7c44509ee65b53ee3	d7233b3eee9951eb41b8fbc859f58f61753dcd6fd5a437a7c44509ee65b53ee3	d7233b3eee9951eb41b8fbc859f58f61753dcd6fd5a437a7c44509ee65b53ee3	1	1	1	1	1	1	1	1	1	1	1	1
clic-validation-055	compact	7806344	7806344	7806344	d354479c640fcca42fc479d586bcb662b3b953a6044cb9407c6c4321246fe31f	d354479c640fcca42fc479d586bcb662b3b953a6044cb9407c6c4321246fe31f	d354479c640fcca42fc479d586bcb662b3b953a6044cb9407c6c4321246fe31f	1	1	1	1	1	1	1	1	1	1	1	1
clic-validation-055	low-latency	7568426	7568426	7568426	ca33e81d96c4fe8b1dc19fe96ca9136f6b830c61deb81c16bad5bcb52299b774	ca33e81d96c4fe8b1dc19fe96ca9136f6b830c61deb81c16bad5bcb52299b774	ca33e81d96c4fe8b1dc19fe96ca9136f6b830c61deb81c16bad5bcb52299b774	1	1	1	1	1	1	1	1	1	1	1	1
clic-validation-056	default	5822720	5822720	5822720	bf65c1cefc03fb92abf5127002865a1a7bd88cf18747e866667cc727ea23000e	bf65c1cefc03fb92abf5127002865a1a7bd88cf18747e866667cc727ea23000e	bf65c1cefc03fb92abf5127002865a1a7bd88cf18747e866667cc727ea23000e	1	1	1	1	1	1	1	1	1	1	1	1
clic-validation-056	compact	5090268	5090268	5090268	3dfe6bd3c28eb775766bd3a88a08a1e6896144ab7bd213134d2dff7a93a39b20	3dfe6bd3c28eb775766bd3a88a08a1e6896144ab7bd213134d2dff7a93a39b20	3dfe6bd3c28eb775766bd3a88a08a1e6896144ab7bd213134d2dff7a93a39b20	1	1	1	1	1	1	1	1	1	1	1	1
clic-validation-056	low-latency	5167842	5167842	5167842	5a5a5417029ffa6d2ee56a5c1d274ff542c142a818f1ba82c10bc9c9da86b865	5a5a5417029ffa6d2ee56a5c1d274ff542c142a818f1ba82c10bc9c9da86b865	5a5a5417029ffa6d2ee56a5c1d274ff542c142a818f1ba82c10bc9c9da86b865	1	1	1	1	1	1	1	1	1	1	1	1
clic-validation-057	default	5630838	5630838	5630838	b53ecc3292e3a0a486f305d3068bf4376dcb48c121de03442e5da6f843f6f2b6	b53ecc3292e3a0a486f305d3068bf4376dcb48c121de03442e5da6f843f6f2b6	b53ecc3292e3a0a486f305d3068bf4376dcb48c121de03442e5da6f843f6f2b6	1	1	1	1	1	1	1	1	1	1	1	1
clic-validation-057	compact	5021628	5021628	5021628	5709144776ada3f6d59083235f64f2cb3ba77e852afdd707dbebb88b413bff5c	5709144776ada3f6d59083235f64f2cb3ba77e852afdd707dbebb88b413bff5c	5709144776ada3f6d59083235f64f2cb3ba77e852afdd707dbebb88b413bff5c	1	1	1	1	1	1	1	1	1	1	1	1
clic-validation-057	low-latency	5152288	5152288	5152288	30fa80b6913286af6e2a7546844ed2278f9d6a49d558707922c69ed86eefc9b4	30fa80b6913286af6e2a7546844ed2278f9d6a49d558707922c69ed86eefc9b4	30fa80b6913286af6e2a7546844ed2278f9d6a49d558707922c69ed86eefc9b4	1	1	1	1	1	1	1	1	1	1	1	1
clic-validation-058	default	4540842	4540842	4540842	2694c8ee4a3873c8f96276e23801ed89b0a80aed0693cfcfa1c396d04f865ff3	2694c8ee4a3873c8f96276e23801ed89b0a80aed0693cfcfa1c396d04f865ff3	2694c8ee4a3873c8f96276e23801ed89b0a80aed0693cfcfa1c396d04f865ff3	1	1	1	1	1	1	1	1	1	1	1	1
clic-validation-058	compact	4943622	4943622	4943622	8092d26c74a4d6c8261eee2b2457c982fe171ffc999c3f47a79b2768ec317d0c	8092d26c74a4d6c8261eee2b2457c982fe171ffc999c3f47a79b2768ec317d0c	8092d26c74a4d6c8261eee2b2457c982fe171ffc999c3f47a79b2768ec317d0c	1	1	1	1	1	1	1	1	1	1	1	1
clic-validation-058	low-latency	4935030	4935030	4935030	929fd78114da9726d73faf45170b2b5e97a99d20b48ef9561590d0cb8dbb5d86	929fd78114da9726d73faf45170b2b5e97a99d20b48ef9561590d0cb8dbb5d86	929fd78114da9726d73faf45170b2b5e97a99d20b48ef9561590d0cb8dbb5d86	1	1	1	1	1	1	1	1	1	1	1	1
clic-validation-059	default	4391286	4391286	4391286	2bc2ab68977f66f6812fe826223b4becf2b70b35bc0540769d052b74fd3428a0	2bc2ab68977f66f6812fe826223b4becf2b70b35bc0540769d052b74fd3428a0	2bc2ab68977f66f6812fe826223b4becf2b70b35bc0540769d052b74fd3428a0	1	1	1	1	1	1	1	1	1	1	1	1
clic-validation-059	compact	3595402	3595402	3595402	110dd4e8f5c88c70116e628da01de9480b08a5aac9e94c6be188a82a0aa9f115	110dd4e8f5c88c70116e628da01de9480b08a5aac9e94c6be188a82a0aa9f115	110dd4e8f5c88c70116e628da01de9480b08a5aac9e94c6be188a82a0aa9f115	1	1	1	1	1	1	1	1	1	1	1	1
clic-validation-059	low-latency	3675422	3675422	3675422	0142a4b5ac61a9531adcefd101314f727f7e05354045c6b81bf7f02f40eb0307	0142a4b5ac61a9531adcefd101314f727f7e05354045c6b81bf7f02f40eb0307	0142a4b5ac61a9531adcefd101314f727f7e05354045c6b81bf7f02f40eb0307	1	1	1	1	1	1	1	1	1	1	1	1
clic-validation-060	default	5711044	5711044	5711044	ad1afb0859f9f859d6eb98b6e547abf9e8219ed4901fca7bc688533a7c2f5f84	ad1afb0859f9f859d6eb98b6e547abf9e8219ed4901fca7bc688533a7c2f5f84	ad1afb0859f9f859d6eb98b6e547abf9e8219ed4901fca7bc688533a7c2f5f84	1	1	1	1	1	1	1	1	1	1	1	1
clic-validation-060	compact	4515910	4515910	4515910	5317e858aaba8987d98cfa95fdba21017272180aef84fc49556775c948bfb3a3	5317e858aaba8987d98cfa95fdba21017272180aef84fc49556775c948bfb3a3	5317e858aaba8987d98cfa95fdba21017272180aef84fc49556775c948bfb3a3	1	1	1	1	1	1	1	1	1	1	1	1
clic-validation-060	low-latency	4575774	4575774	4575774	bc294d6819b9c9448c5c2df26221c31b2126e3d3be7a85e31a6d4b9507a6ca77	bc294d6819b9c9448c5c2df26221c31b2126e3d3be7a85e31a6d4b9507a6ca77	bc294d6819b9c9448c5c2df26221c31b2126e3d3be7a85e31a6d4b9507a6ca77	1	1	1	1	1	1	1	1	1	1	1	1
clic-validation-061	default	8261616	8261616	8261616	b40df26ae12067a225ff628387516f0b1e3cc415bf4cacc36da08ba3d90a97bb	b40df26ae12067a225ff628387516f0b1e3cc415bf4cacc36da08ba3d90a97bb	b40df26ae12067a225ff628387516f0b1e3cc415bf4cacc36da08ba3d90a97bb	1	1	1	1	1	1	1	1	1	1	1	1
clic-validation-061	compact	7438600	7438600	7438600	82aa546c05a19086ec5163baa8597df66cc2fa847e808a192b20fe09cd86ddc5	82aa546c05a19086ec5163baa8597df66cc2fa847e808a192b20fe09cd86ddc5	82aa546c05a19086ec5163baa8597df66cc2fa847e808a192b20fe09cd86ddc5	1	1	1	1	1	1	1	1	1	1	1	1
clic-validation-061	low-latency	7429254	7429254	7429254	bad5072c1d9120e0bc195d49b258329be16bf613ccf7f7ca62c1df9c3dc9c66f	bad5072c1d9120e0bc195d49b258329be16bf613ccf7f7ca62c1df9c3dc9c66f	bad5072c1d9120e0bc195d49b258329be16bf613ccf7f7ca62c1df9c3dc9c66f	1	1	1	1	1	1	1	1	1	1	1	1
clic-validation-062	default	7067762	7067762	7067762	4b9f801b3805e7649f31bd4acc31ef3c7e5f715c21f48723bff6a07d6325fb76	4b9f801b3805e7649f31bd4acc31ef3c7e5f715c21f48723bff6a07d6325fb76	4b9f801b3805e7649f31bd4acc31ef3c7e5f715c21f48723bff6a07d6325fb76	1	1	1	1	1	1	1	1	1	1	1	1
clic-validation-062	compact	6121602	6121602	6121602	ff116d4cade943cdedaad0f62367bddf3d7a1ff1ac88c1e629ae5880c8fc01b8	ff116d4cade943cdedaad0f62367bddf3d7a1ff1ac88c1e629ae5880c8fc01b8	ff116d4cade943cdedaad0f62367bddf3d7a1ff1ac88c1e629ae5880c8fc01b8	1	1	1	1	1	1	1	1	1	1	1	1
clic-validation-062	low-latency	6162162	6162162	6162162	cd3bb3f00cd055a012bcd6f9875b280f33d3dd6e458546b1e5312ec4334b4f0c	cd3bb3f00cd055a012bcd6f9875b280f33d3dd6e458546b1e5312ec4334b4f0c	cd3bb3f00cd055a012bcd6f9875b280f33d3dd6e458546b1e5312ec4334b4f0c	1	1	1	1	1	1	1	1	1	1	1	1
clic-validation-063	default	6939672	6939672	6939672	3cff360edfb9e47e35bd4e86317885f50d7257d8a662e0ed2ab1ed833404b28a	3cff360edfb9e47e35bd4e86317885f50d7257d8a662e0ed2ab1ed833404b28a	3cff360edfb9e47e35bd4e86317885f50d7257d8a662e0ed2ab1ed833404b28a	1	1	1	1	1	1	1	1	1	1	1	1
clic-validation-063	compact	6445414	6445414	6445414	532420b88ad35f5140c96651993cf351bba93e0847f7ce57104ff890c0d35a4c	532420b88ad35f5140c96651993cf351bba93e0847f7ce57104ff890c0d35a4c	532420b88ad35f5140c96651993cf351bba93e0847f7ce57104ff890c0d35a4c	1	1	1	1	1	1	1	1	1	1	1	1
clic-validation-063	low-latency	6534318	6534318	6534318	a0d1176996f1030112e49675e2f114a9f8a16ae692c58b1e56513bf4e98b2f02	a0d1176996f1030112e49675e2f114a9f8a16ae692c58b1e56513bf4e98b2f02	a0d1176996f1030112e49675e2f114a9f8a16ae692c58b1e56513bf4e98b2f02	1	1	1	1	1	1	1	1	1	1	1	1
clic-validation-064	default	8139084	8139084	8139084	37015cde9c6f365c1fd266684fa83c31c2f9bf59fc354071e49c5d5cef43fda1	37015cde9c6f365c1fd266684fa83c31c2f9bf59fc354071e49c5d5cef43fda1	37015cde9c6f365c1fd266684fa83c31c2f9bf59fc354071e49c5d5cef43fda1	1	1	1	1	1	1	1	1	1	1	1	1
clic-validation-064	compact	7719328	7719328	7719328	39b490c86ab7b7edfa6ad5a3fcf7f92bb992b2eaf141ef6204e707b338176c40	39b490c86ab7b7edfa6ad5a3fcf7f92bb992b2eaf141ef6204e707b338176c40	39b490c86ab7b7edfa6ad5a3fcf7f92bb992b2eaf141ef6204e707b338176c40	1	1	1	1	1	1	1	1	1	1	1	1
clic-validation-064	low-latency	7878280	7878280	7878280	9745bd44dbe3cca76db9cea793f81f38d1352a3f59568d4553f9bcfa85c0f7a8	9745bd44dbe3cca76db9cea793f81f38d1352a3f59568d4553f9bcfa85c0f7a8	9745bd44dbe3cca76db9cea793f81f38d1352a3f59568d4553f9bcfa85c0f7a8	1	1	1	1	1	1	1	1	1	1	1	1
clic-validation-065	default	7397698	7397698	7397698	ff6dc4791ab132c034c957011b73050e0c40be255f4e4df82f7033e82ea16854	ff6dc4791ab132c034c957011b73050e0c40be255f4e4df82f7033e82ea16854	ff6dc4791ab132c034c957011b73050e0c40be255f4e4df82f7033e82ea16854	1	1	1	1	1	1	1	1	1	1	1	1
clic-validation-065	compact	6898214	6898214	6898214	982529dcc37d3fbf421a78d42b13c306f4d891454e79a6366ed00a94a4dca124	982529dcc37d3fbf421a78d42b13c306f4d891454e79a6366ed00a94a4dca124	982529dcc37d3fbf421a78d42b13c306f4d891454e79a6366ed00a94a4dca124	1	1	1	1	1	1	1	1	1	1	1	1
clic-validation-065	low-latency	6856728	6856728	6856728	502fc56998996b46fc3230e255c6a382858e8be4bb1dfd0876b0bf5e1be96ad9	502fc56998996b46fc3230e255c6a382858e8be4bb1dfd0876b0bf5e1be96ad9	502fc56998996b46fc3230e255c6a382858e8be4bb1dfd0876b0bf5e1be96ad9	1	1	1	1	1	1	1	1	1	1	1	1
clic-validation-066	default	3955136	3955136	3955136	84646f6505f960ae35fad1714ca1d4b3bb3401fce7a66f2c8471ecf8f8a311e8	84646f6505f960ae35fad1714ca1d4b3bb3401fce7a66f2c8471ecf8f8a311e8	84646f6505f960ae35fad1714ca1d4b3bb3401fce7a66f2c8471ecf8f8a311e8	1	1	1	1	1	1	1	1	1	1	1	1
clic-validation-066	compact	3437954	3437954	3437954	c5b4357f1d72c6d9047ec43fbff04353b2ea306fe820edab547199a0dfdae029	c5b4357f1d72c6d9047ec43fbff04353b2ea306fe820edab547199a0dfdae029	c5b4357f1d72c6d9047ec43fbff04353b2ea306fe820edab547199a0dfdae029	1	1	1	1	1	1	1	1	1	1	1	1
clic-validation-066	low-latency	3463560	3463560	3463560	15aa10f5e55f9bb71896839acdb05627bdc3a6dda23a2c87fa0742880c0ac63a	15aa10f5e55f9bb71896839acdb05627bdc3a6dda23a2c87fa0742880c0ac63a	15aa10f5e55f9bb71896839acdb05627bdc3a6dda23a2c87fa0742880c0ac63a	1	1	1	1	1	1	1	1	1	1	1	1
clic-validation-067	default	8213958	8213958	8213958	b6300d119c86ef3e296a9cc109d7ae1494899a4473885eb48840d36a88f45ebd	b6300d119c86ef3e296a9cc109d7ae1494899a4473885eb48840d36a88f45ebd	b6300d119c86ef3e296a9cc109d7ae1494899a4473885eb48840d36a88f45ebd	1	1	1	1	1	1	1	1	1	1	1	1
clic-validation-067	compact	7149540	7149540	7149540	c732ba8ac460b43e499a54f4a156e5a1a0b38d8f9316f20ccac1c7b3d77534d1	c732ba8ac460b43e499a54f4a156e5a1a0b38d8f9316f20ccac1c7b3d77534d1	c732ba8ac460b43e499a54f4a156e5a1a0b38d8f9316f20ccac1c7b3d77534d1	1	1	1	1	1	1	1	1	1	1	1	1
clic-validation-067	low-latency	7399782	7399782	7399782	5598f4cf899d62e7c7aa29b3dd1ed5881cd6a2d42f356084ebc00033cb9774c0	5598f4cf899d62e7c7aa29b3dd1ed5881cd6a2d42f356084ebc00033cb9774c0	5598f4cf899d62e7c7aa29b3dd1ed5881cd6a2d42f356084ebc00033cb9774c0	1	1	1	1	1	1	1	1	1	1	1	1
clic-validation-068	default	7730040	7730040	7730040	db74e61c8038990a1bb58e528756bc9238c4b756486aedecd596adfea02d0d32	db74e61c8038990a1bb58e528756bc9238c4b756486aedecd596adfea02d0d32	db74e61c8038990a1bb58e528756bc9238c4b756486aedecd596adfea02d0d32	1	1	1	1	1	1	1	1	1	1	1	1
clic-validation-068	compact	7005466	7005466	7005466	600ba60ef757df7e32b924d7665130d69072de148b38686a03949f990eea4e76	600ba60ef757df7e32b924d7665130d69072de148b38686a03949f990eea4e76	600ba60ef757df7e32b924d7665130d69072de148b38686a03949f990eea4e76	1	1	1	1	1	1	1	1	1	1	1	1
clic-validation-068	low-latency	7198452	7198452	7198452	6d31d6f2a6c2037c7361a833a022ce7084d105059495cf27be26a22500524eba	6d31d6f2a6c2037c7361a833a022ce7084d105059495cf27be26a22500524eba	6d31d6f2a6c2037c7361a833a022ce7084d105059495cf27be26a22500524eba	1	1	1	1	1	1	1	1	1	1	1	1
clic-validation-069	default	7380496	7380496	7380496	6b725e67fa4aa282044e6bd4ac28091bd12649456496e9e4830bff89db43a4fb	6b725e67fa4aa282044e6bd4ac28091bd12649456496e9e4830bff89db43a4fb	6b725e67fa4aa282044e6bd4ac28091bd12649456496e9e4830bff89db43a4fb	1	1	1	1	1	1	1	1	1	1	1	1
clic-validation-069	compact	6211560	6211560	6211560	fd153857b1c25653797770c9e1be37967676ed99565c28112137b798cce3816f	fd153857b1c25653797770c9e1be37967676ed99565c28112137b798cce3816f	fd153857b1c25653797770c9e1be37967676ed99565c28112137b798cce3816f	1	1	1	1	1	1	1	1	1	1	1	1
clic-validation-069	low-latency	6218740	6218740	6218740	0f57fdfb35de92147ca2697e4df5b8a9160a0a618e4d9cf279fb9d1401ff2de1	0f57fdfb35de92147ca2697e4df5b8a9160a0a618e4d9cf279fb9d1401ff2de1	0f57fdfb35de92147ca2697e4df5b8a9160a0a618e4d9cf279fb9d1401ff2de1	1	1	1	1	1	1	1	1	1	1	1	1
clic-validation-070	default	8045444	8045444	8045444	6e883a6babd1742444ab4ec5083562bdc88a3a088f1a360181bab8588af33f2d	6e883a6babd1742444ab4ec5083562bdc88a3a088f1a360181bab8588af33f2d	6e883a6babd1742444ab4ec5083562bdc88a3a088f1a360181bab8588af33f2d	1	1	1	1	1	1	1	1	1	1	1	1
clic-validation-070	compact	7163008	7163008	7163008	0be3e07faa63070a4ed857103f398bf3b7c9ee8d8d2a438fb112404914932c66	0be3e07faa63070a4ed857103f398bf3b7c9ee8d8d2a438fb112404914932c66	0be3e07faa63070a4ed857103f398bf3b7c9ee8d8d2a438fb112404914932c66	1	1	1	1	1	1	1	1	1	1	1	1
clic-validation-070	low-latency	7230868	7230868	7230868	b18ef974d4907998df8a6bcb96f9fbf9a6a33f0c75dc8779e569c8898568ce4d	b18ef974d4907998df8a6bcb96f9fbf9a6a33f0c75dc8779e569c8898568ce4d	b18ef974d4907998df8a6bcb96f9fbf9a6a33f0c75dc8779e569c8898568ce4d	1	1	1	1	1	1	1	1	1	1	1	1
clic-validation-071	default	3617998	3617998	3617998	0f98dbbe8a4c4d0df631491fe71cc5839a2b75a0988b8c59b7ff107888da7b06	0f98dbbe8a4c4d0df631491fe71cc5839a2b75a0988b8c59b7ff107888da7b06	0f98dbbe8a4c4d0df631491fe71cc5839a2b75a0988b8c59b7ff107888da7b06	1	1	1	1	1	1	1	1	1	1	1	1
clic-validation-071	compact	3221288	3221288	3221288	c90b807056c86c2eb257c4c72587dda4183def95fb71a34d66cc76ff4c03bb51	c90b807056c86c2eb257c4c72587dda4183def95fb71a34d66cc76ff4c03bb51	c90b807056c86c2eb257c4c72587dda4183def95fb71a34d66cc76ff4c03bb51	1	1	1	1	1	1	1	1	1	1	1	1
clic-validation-071	low-latency	3213510	3213510	3213510	2f97f2bdfdb07924e4ec81e3c4a9a94e40e40f2734d59590496e4598bd431ccb	2f97f2bdfdb07924e4ec81e3c4a9a94e40e40f2734d59590496e4598bd431ccb	2f97f2bdfdb07924e4ec81e3c4a9a94e40e40f2734d59590496e4598bd431ccb	1	1	1	1	1	1	1	1	1	1	1	1
clic-validation-072	default	6453320	6453320	6453320	26a01b9e3335b8e593c2b02730bbc2ea55c0960f0289cc64d8fb87e82a742cbd	26a01b9e3335b8e593c2b02730bbc2ea55c0960f0289cc64d8fb87e82a742cbd	26a01b9e3335b8e593c2b02730bbc2ea55c0960f0289cc64d8fb87e82a742cbd	1	1	1	1	1	1	1	1	1	1	1	1
clic-validation-072	compact	5618140	5618140	5618140	ad70f4986fcf7f1e738f2a61ea7b7d3157ba663b6e2ade4a5df0edf446b36b4f	ad70f4986fcf7f1e738f2a61ea7b7d3157ba663b6e2ade4a5df0edf446b36b4f	ad70f4986fcf7f1e738f2a61ea7b7d3157ba663b6e2ade4a5df0edf446b36b4f	1	1	1	1	1	1	1	1	1	1	1	1
clic-validation-072	low-latency	5704026	5704026	5704026	0fe2da33bd8a4aae7bbbeba932056d46bdad616ef523a52a83d3c457ea97d1c0	0fe2da33bd8a4aae7bbbeba932056d46bdad616ef523a52a83d3c457ea97d1c0	0fe2da33bd8a4aae7bbbeba932056d46bdad616ef523a52a83d3c457ea97d1c0	1	1	1	1	1	1	1	1	1	1	1	1
clic-validation-073	default	7312914	7312914	7312914	3f801903e99f849263c74f616082b4cc86aebbae90dd4f54e6873be21c9a30de	3f801903e99f849263c74f616082b4cc86aebbae90dd4f54e6873be21c9a30de	3f801903e99f849263c74f616082b4cc86aebbae90dd4f54e6873be21c9a30de	1	1	1	1	1	1	1	1	1	1	1	1
clic-validation-073	compact	7178514	7178514	7178514	d3f84890482fe15dc8d5d7c9c52a9e02c6ab5b90f9ed123284cbda8bfe391ec1	d3f84890482fe15dc8d5d7c9c52a9e02c6ab5b90f9ed123284cbda8bfe391ec1	d3f84890482fe15dc8d5d7c9c52a9e02c6ab5b90f9ed123284cbda8bfe391ec1	1	1	1	1	1	1	1	1	1	1	1	1
clic-validation-073	low-latency	7211752	7211752	7211752	17ad05463bb64fdd5274abc36614410aa385fcc0378bbc5b7653923cc40c1389	17ad05463bb64fdd5274abc36614410aa385fcc0378bbc5b7653923cc40c1389	17ad05463bb64fdd5274abc36614410aa385fcc0378bbc5b7653923cc40c1389	1	1	1	1	1	1	1	1	1	1	1	1
clic-validation-074	default	5578360	5578360	5578360	3f8ca6842aa47e248abc3fad6fbd0a63a418d2a2f1a53fc328ec3f6bb0220886	3f8ca6842aa47e248abc3fad6fbd0a63a418d2a2f1a53fc328ec3f6bb0220886	3f8ca6842aa47e248abc3fad6fbd0a63a418d2a2f1a53fc328ec3f6bb0220886	1	1	1	1	1	1	1	1	1	1	1	1
clic-validation-074	compact	5322948	5322948	5322948	702c5214f710b2846088ea4c764a949b49ef37f8869888d6ad74f9546dc31718	702c5214f710b2846088ea4c764a949b49ef37f8869888d6ad74f9546dc31718	702c5214f710b2846088ea4c764a949b49ef37f8869888d6ad74f9546dc31718	1	1	1	1	1	1	1	1	1	1	1	1
clic-validation-074	low-latency	5084390	5084390	5084390	5985546b81290ef2032744f34e55f18fc541bbb49229a8a58d7309fae095f23c	5985546b81290ef2032744f34e55f18fc541bbb49229a8a58d7309fae095f23c	5985546b81290ef2032744f34e55f18fc541bbb49229a8a58d7309fae095f23c	1	1	1	1	1	1	1	1	1	1	1	1
clic-validation-075	default	8171036	8171036	8171036	aa571f98d5e4cb8bada1c05b5725520d5a78d9816d0f86420ebf7e7b4bebf79a	aa571f98d5e4cb8bada1c05b5725520d5a78d9816d0f86420ebf7e7b4bebf79a	aa571f98d5e4cb8bada1c05b5725520d5a78d9816d0f86420ebf7e7b4bebf79a	1	1	1	1	1	1	1	1	1	1	1	1
clic-validation-075	compact	7194564	7194564	7194564	7d58e4c55a8e785baa98401539a458923754a44e80b92cc32f7cc90d6e0ec73c	7d58e4c55a8e785baa98401539a458923754a44e80b92cc32f7cc90d6e0ec73c	7d58e4c55a8e785baa98401539a458923754a44e80b92cc32f7cc90d6e0ec73c	1	1	1	1	1	1	1	1	1	1	1	1
clic-validation-075	low-latency	7239090	7239090	7239090	de8c1f6c830c214ab30252b019d46ccb79dcf0a827e8eea49465b96dd7250392	de8c1f6c830c214ab30252b019d46ccb79dcf0a827e8eea49465b96dd7250392	de8c1f6c830c214ab30252b019d46ccb79dcf0a827e8eea49465b96dd7250392	1	1	1	1	1	1	1	1	1	1	1	1
clic-validation-076	default	7158978	7158978	7158978	967f886602fbffab5ff1baf0757b03768d5b6b1177ce624df92bcf87942b42f0	967f886602fbffab5ff1baf0757b03768d5b6b1177ce624df92bcf87942b42f0	967f886602fbffab5ff1baf0757b03768d5b6b1177ce624df92bcf87942b42f0	1	1	1	1	1	1	1	1	1	1	1	1
clic-validation-076	compact	6453086	6453086	6453086	cd9142bcffba6695f8a4a71d759b45e8856c7c0c436311bfeef8fa53077ac03c	cd9142bcffba6695f8a4a71d759b45e8856c7c0c436311bfeef8fa53077ac03c	cd9142bcffba6695f8a4a71d759b45e8856c7c0c436311bfeef8fa53077ac03c	1	1	1	1	1	1	1	1	1	1	1	1
clic-validation-076	low-latency	6423696	6423696	6423696	5962bda28381c32280d2daee34461983bbfb5826a417f21e2d626a80deb003e8	5962bda28381c32280d2daee34461983bbfb5826a417f21e2d626a80deb003e8	5962bda28381c32280d2daee34461983bbfb5826a417f21e2d626a80deb003e8	1	1	1	1	1	1	1	1	1	1	1	1
clic-validation-077	default	5588582	5588582	5588582	43aca23bb0b4fb23b6906680c5d4f98304ee7447e3f99184f9181193b778a819	43aca23bb0b4fb23b6906680c5d4f98304ee7447e3f99184f9181193b778a819	43aca23bb0b4fb23b6906680c5d4f98304ee7447e3f99184f9181193b778a819	1	1	1	1	1	1	1	1	1	1	1	1
clic-validation-077	compact	5599902	5599902	5599902	d439eb19387d78a74242bd563290f5db9d26777b599dc414218677b129766d03	d439eb19387d78a74242bd563290f5db9d26777b599dc414218677b129766d03	d439eb19387d78a74242bd563290f5db9d26777b599dc414218677b129766d03	1	1	1	1	1	1	1	1	1	1	1	1
clic-validation-077	low-latency	5607562	5607562	5607562	79f200cb31853d12abb30715a6a83fbb0373dc8c469e3da0207035512da3133e	79f200cb31853d12abb30715a6a83fbb0373dc8c469e3da0207035512da3133e	79f200cb31853d12abb30715a6a83fbb0373dc8c469e3da0207035512da3133e	1	1	1	1	1	1	1	1	1	1	1	1
clic-validation-078	default	6526692	6526692	6526692	70f0d7748f1394ef4b9628ed364c39928c24af9675534daf2646fcd93eeace5a	70f0d7748f1394ef4b9628ed364c39928c24af9675534daf2646fcd93eeace5a	70f0d7748f1394ef4b9628ed364c39928c24af9675534daf2646fcd93eeace5a	1	1	1	1	1	1	1	1	1	1	1	1
clic-validation-078	compact	5704512	5704512	5704512	dcaba973e0778ee0cdd553726dce7a377e4acb852daa9986c2c0bdfe238e6e73	dcaba973e0778ee0cdd553726dce7a377e4acb852daa9986c2c0bdfe238e6e73	dcaba973e0778ee0cdd553726dce7a377e4acb852daa9986c2c0bdfe238e6e73	1	1	1	1	1	1	1	1	1	1	1	1
clic-validation-078	low-latency	5829980	5829980	5829980	1dc7a955f9ed8aeaeed919c4d103461843dd0f5eb70f7b6ed79f1e7d71624907	1dc7a955f9ed8aeaeed919c4d103461843dd0f5eb70f7b6ed79f1e7d71624907	1dc7a955f9ed8aeaeed919c4d103461843dd0f5eb70f7b6ed79f1e7d71624907	1	1	1	1	1	1	1	1	1	1	1	1
clic-validation-079	default	5798146	5798146	5798146	d8211fb001779d9d50569a0f45df63016aad787626ae51c29816fb7496754e2e	d8211fb001779d9d50569a0f45df63016aad787626ae51c29816fb7496754e2e	d8211fb001779d9d50569a0f45df63016aad787626ae51c29816fb7496754e2e	1	1	1	1	1	1	1	1	1	1	1	1
clic-validation-079	compact	4473714	4473714	4473714	d0c2026ca606cca63c31a09ab4dbc3ceb76e923e4007b277dff6f2dacbe034f9	d0c2026ca606cca63c31a09ab4dbc3ceb76e923e4007b277dff6f2dacbe034f9	d0c2026ca606cca63c31a09ab4dbc3ceb76e923e4007b277dff6f2dacbe034f9	1	1	1	1	1	1	1	1	1	1	1	1
clic-validation-079	low-latency	4555170	4555170	4555170	c65bb1d704db6882d2e5b054675adc6f8e8bac508b5df1990c94fda53dad06b9	c65bb1d704db6882d2e5b054675adc6f8e8bac508b5df1990c94fda53dad06b9	c65bb1d704db6882d2e5b054675adc6f8e8bac508b5df1990c94fda53dad06b9	1	1	1	1	1	1	1	1	1	1	1	1
clic-validation-080	default	7254536	7254536	7254536	93f244e1264fd4e7e10ac7637bf63ee66be4183373d163db63cf5f1722441a96	93f244e1264fd4e7e10ac7637bf63ee66be4183373d163db63cf5f1722441a96	93f244e1264fd4e7e10ac7637bf63ee66be4183373d163db63cf5f1722441a96	1	1	1	1	1	1	1	1	1	1	1	1
clic-validation-080	compact	6574580	6574580	6574580	254ea41371e77218ced1bd6cbbc18857028112d48005843f1603aa86faeae0b9	254ea41371e77218ced1bd6cbbc18857028112d48005843f1603aa86faeae0b9	254ea41371e77218ced1bd6cbbc18857028112d48005843f1603aa86faeae0b9	1	1	1	1	1	1	1	1	1	1	1	1
clic-validation-080	low-latency	6602440	6602440	6602440	832a582de355765b894a1c78dab0646f13578fb3b31c6865a4268c44d966234a	832a582de355765b894a1c78dab0646f13578fb3b31c6865a4268c44d966234a	832a582de355765b894a1c78dab0646f13578fb3b31c6865a4268c44d966234a	1	1	1	1	1	1	1	1	1	1	1	1
clic-validation-081	default	6976314	6976314	6976314	f54f442a0693a9f748e95efc15e0599858689036350739f54ac2a88c5cded7bd	f54f442a0693a9f748e95efc15e0599858689036350739f54ac2a88c5cded7bd	f54f442a0693a9f748e95efc15e0599858689036350739f54ac2a88c5cded7bd	1	1	1	1	1	1	1	1	1	1	1	1
clic-validation-081	compact	5779970	5779970	5779970	b07317296e3d1544da558ec2b06c4345a2585093f46d98d0dff2873b02550d04	b07317296e3d1544da558ec2b06c4345a2585093f46d98d0dff2873b02550d04	b07317296e3d1544da558ec2b06c4345a2585093f46d98d0dff2873b02550d04	1	1	1	1	1	1	1	1	1	1	1	1
clic-validation-081	low-latency	5682374	5682374	5682374	be7a4405631dc6ea1d47ab0a10f19d0c93cb8a66486d48dc9695c0e1de32de7b	be7a4405631dc6ea1d47ab0a10f19d0c93cb8a66486d48dc9695c0e1de32de7b	be7a4405631dc6ea1d47ab0a10f19d0c93cb8a66486d48dc9695c0e1de32de7b	1	1	1	1	1	1	1	1	1	1	1	1
clic-validation-082	default	1819330	1819330	1819330	3fb113871172d976aaf49bf766f78b87b9e112b986e12c83b77d9460aff697aa	3fb113871172d976aaf49bf766f78b87b9e112b986e12c83b77d9460aff697aa	3fb113871172d976aaf49bf766f78b87b9e112b986e12c83b77d9460aff697aa	1	1	1	1	1	1	1	1	1	1	1	1
clic-validation-082	compact	1512228	1512228	1512228	8472e65359020181bdd166de3c5397925e33367ce5911224112e9234a88d005d	8472e65359020181bdd166de3c5397925e33367ce5911224112e9234a88d005d	8472e65359020181bdd166de3c5397925e33367ce5911224112e9234a88d005d	1	1	1	1	1	1	1	1	1	1	1	1
clic-validation-082	low-latency	1515288	1515288	1515288	b7f632b28d0a1d22f2a73da1b312d223c860f37406867670a6412630c7bf0de2	b7f632b28d0a1d22f2a73da1b312d223c860f37406867670a6412630c7bf0de2	b7f632b28d0a1d22f2a73da1b312d223c860f37406867670a6412630c7bf0de2	1	1	1	1	1	1	1	1	1	1	1	1
clic-validation-083	default	8137216	8137216	8137216	04e368c9a73c08a7626e1325f9f89b3bbb8a2494de7d8c74427258b27d0002c8	04e368c9a73c08a7626e1325f9f89b3bbb8a2494de7d8c74427258b27d0002c8	04e368c9a73c08a7626e1325f9f89b3bbb8a2494de7d8c74427258b27d0002c8	1	1	1	1	1	1	1	1	1	1	1	1
clic-validation-083	compact	6906868	6906868	6906868	4f2d47429ffccbedd36eed569ad2672d4f7b2d330a63c91a475989623384194e	4f2d47429ffccbedd36eed569ad2672d4f7b2d330a63c91a475989623384194e	4f2d47429ffccbedd36eed569ad2672d4f7b2d330a63c91a475989623384194e	1	1	1	1	1	1	1	1	1	1	1	1
clic-validation-083	low-latency	6884388	6884388	6884388	f4fe56d9da120fdb5a536cde91bae4fb9ab54aedbabba29ad3aba2d49279d0a5	f4fe56d9da120fdb5a536cde91bae4fb9ab54aedbabba29ad3aba2d49279d0a5	f4fe56d9da120fdb5a536cde91bae4fb9ab54aedbabba29ad3aba2d49279d0a5	1	1	1	1	1	1	1	1	1	1	1	1
clic-validation-084	default	6603924	6603924	6603924	f5d8be1da69034ad3de05c7fbd80c84746c089099f3d2405be99d85d463d0c99	f5d8be1da69034ad3de05c7fbd80c84746c089099f3d2405be99d85d463d0c99	f5d8be1da69034ad3de05c7fbd80c84746c089099f3d2405be99d85d463d0c99	1	1	1	1	1	1	1	1	1	1	1	1
clic-validation-084	compact	5985856	5985856	5985856	fda24328a1ec03d490c15e000bf037e8aafca933e733c9c89b2ebc9873c58e2e	fda24328a1ec03d490c15e000bf037e8aafca933e733c9c89b2ebc9873c58e2e	fda24328a1ec03d490c15e000bf037e8aafca933e733c9c89b2ebc9873c58e2e	1	1	1	1	1	1	1	1	1	1	1	1
clic-validation-084	low-latency	6003064	6003064	6003064	645f6f76287e5b15677f944af76f904635a0fe25ba952a1abfefa03844ce4069	645f6f76287e5b15677f944af76f904635a0fe25ba952a1abfefa03844ce4069	645f6f76287e5b15677f944af76f904635a0fe25ba952a1abfefa03844ce4069	1	1	1	1	1	1	1	1	1	1	1	1
clic-validation-085	default	2374290	2374290	2374290	c86bfa3388f57f0e93f30dd5b31ef0f51d79bd791af164e28373f5b803b102b2	c86bfa3388f57f0e93f30dd5b31ef0f51d79bd791af164e28373f5b803b102b2	c86bfa3388f57f0e93f30dd5b31ef0f51d79bd791af164e28373f5b803b102b2	1	1	1	1	1	1	1	1	1	1	1	1
clic-validation-085	compact	1935310	1935310	1935310	801dbfe715eb9f8d8452319cfe9effadd649f8c47feb3fc1b8da2c8e03bbe6c2	801dbfe715eb9f8d8452319cfe9effadd649f8c47feb3fc1b8da2c8e03bbe6c2	801dbfe715eb9f8d8452319cfe9effadd649f8c47feb3fc1b8da2c8e03bbe6c2	1	1	1	1	1	1	1	1	1	1	1	1
clic-validation-085	low-latency	1954892	1954892	1954892	ecf5f8c5993b4c15b60800519a92c8881be8ef7fa8802eeab4cb30df37496889	ecf5f8c5993b4c15b60800519a92c8881be8ef7fa8802eeab4cb30df37496889	ecf5f8c5993b4c15b60800519a92c8881be8ef7fa8802eeab4cb30df37496889	1	1	1	1	1	1	1	1	1	1	1	1
clic-validation-086	default	7896452	7896452	7896452	118213ddd98c24ee7627d491a4d2e09a791e4512cfc0c909fd683e86ff3af32d	118213ddd98c24ee7627d491a4d2e09a791e4512cfc0c909fd683e86ff3af32d	118213ddd98c24ee7627d491a4d2e09a791e4512cfc0c909fd683e86ff3af32d	1	1	1	1	1	1	1	1	1	1	1	1
clic-validation-086	compact	6780836	6780836	6780836	62a7859ab10eb1da4078d99a61a3486d642965cfad3b14af5c9352e8d63fb447	62a7859ab10eb1da4078d99a61a3486d642965cfad3b14af5c9352e8d63fb447	62a7859ab10eb1da4078d99a61a3486d642965cfad3b14af5c9352e8d63fb447	1	1	1	1	1	1	1	1	1	1	1	1
clic-validation-086	low-latency	6923612	6923612	6923612	bb4dc7ad9c60050acc4587ad789012bfa5ab0650e25c93809aae02c5e7600376	bb4dc7ad9c60050acc4587ad789012bfa5ab0650e25c93809aae02c5e7600376	bb4dc7ad9c60050acc4587ad789012bfa5ab0650e25c93809aae02c5e7600376	1	1	1	1	1	1	1	1	1	1	1	1
clic-validation-087	default	1519140	1519140	1519140	ff8d61e8791a006f78037b4466fdbf1bea0437b4a5b022618f48d1be3a202e9a	ff8d61e8791a006f78037b4466fdbf1bea0437b4a5b022618f48d1be3a202e9a	ff8d61e8791a006f78037b4466fdbf1bea0437b4a5b022618f48d1be3a202e9a	1	1	1	1	1	1	1	1	1	1	1	1
clic-validation-087	compact	1235750	1235750	1235750	fb52326489f368fb2a63b95d687feeb611fb161707f172ee065d27ccfeb6101b	fb52326489f368fb2a63b95d687feeb611fb161707f172ee065d27ccfeb6101b	fb52326489f368fb2a63b95d687feeb611fb161707f172ee065d27ccfeb6101b	1	1	1	1	1	1	1	1	1	1	1	1
clic-validation-087	low-latency	1252050	1252050	1252050	c2bbdd968765a5d6d130f72fe108ac6b9aa01fe0f1d08b7e0d74a760458ba876	c2bbdd968765a5d6d130f72fe108ac6b9aa01fe0f1d08b7e0d74a760458ba876	c2bbdd968765a5d6d130f72fe108ac6b9aa01fe0f1d08b7e0d74a760458ba876	1	1	1	1	1	1	1	1	1	1	1	1
clic-validation-088	default	3611208	3611208	3611208	265e6c5d2e0610c9466989a5dadd848ff9f2a1dc7eabaa6eb643dca310802222	265e6c5d2e0610c9466989a5dadd848ff9f2a1dc7eabaa6eb643dca310802222	265e6c5d2e0610c9466989a5dadd848ff9f2a1dc7eabaa6eb643dca310802222	1	1	1	1	1	1	1	1	1	1	1	1
clic-validation-088	compact	3237528	3237528	3237528	7370310b83aaa55789cef4cae174195602df6584390da01b4d5ca24f1ff2e77f	7370310b83aaa55789cef4cae174195602df6584390da01b4d5ca24f1ff2e77f	7370310b83aaa55789cef4cae174195602df6584390da01b4d5ca24f1ff2e77f	1	1	1	1	1	1	1	1	1	1	1	1
clic-validation-088	low-latency	3293512	3293512	3293512	2598305a64e4886b576d4f345fff3299799d02901930a05ef7a3b16698dcb094	2598305a64e4886b576d4f345fff3299799d02901930a05ef7a3b16698dcb094	2598305a64e4886b576d4f345fff3299799d02901930a05ef7a3b16698dcb094	1	1	1	1	1	1	1	1	1	1	1	1
clic-validation-089	default	6934986	6934986	6934986	2caa4bd7f3893e22d75c2b63ebd5f56720cc19da79e558c3547a4357f2bfb708	2caa4bd7f3893e22d75c2b63ebd5f56720cc19da79e558c3547a4357f2bfb708	2caa4bd7f3893e22d75c2b63ebd5f56720cc19da79e558c3547a4357f2bfb708	1	1	1	1	1	1	1	1	1	1	1	1
clic-validation-089	compact	6517422	6517422	6517422	410aa70f3530d1329f55468f443ba5a69d00033012dfcbc6b4fb60b9bcc5743e	410aa70f3530d1329f55468f443ba5a69d00033012dfcbc6b4fb60b9bcc5743e	410aa70f3530d1329f55468f443ba5a69d00033012dfcbc6b4fb60b9bcc5743e	1	1	1	1	1	1	1	1	1	1	1	1
clic-validation-089	low-latency	6529714	6529714	6529714	f0330d19fb36b022242c71150836d1d3da1462222fcc4da62d9c6d39e43b720b	f0330d19fb36b022242c71150836d1d3da1462222fcc4da62d9c6d39e43b720b	f0330d19fb36b022242c71150836d1d3da1462222fcc4da62d9c6d39e43b720b	1	1	1	1	1	1	1	1	1	1	1	1
clic-validation-090	default	7071210	7071210	7071210	2bec69940ffd4f30f8c098e33c2964ed953c38c7f2e302235d1575712110cb86	2bec69940ffd4f30f8c098e33c2964ed953c38c7f2e302235d1575712110cb86	2bec69940ffd4f30f8c098e33c2964ed953c38c7f2e302235d1575712110cb86	1	1	1	1	1	1	1	1	1	1	1	1
clic-validation-090	compact	6442454	6442454	6442454	68756203626ee544c691159b07223de7384f8af81fef4854e6c4097cc1d09679	68756203626ee544c691159b07223de7384f8af81fef4854e6c4097cc1d09679	68756203626ee544c691159b07223de7384f8af81fef4854e6c4097cc1d09679	1	1	1	1	1	1	1	1	1	1	1	1
clic-validation-090	low-latency	6588194	6588194	6588194	feaf30d6d9a4e35bf5e857ed6bbe1d3a8ed83c6b7291deaab9623ec1021ed768	feaf30d6d9a4e35bf5e857ed6bbe1d3a8ed83c6b7291deaab9623ec1021ed768	feaf30d6d9a4e35bf5e857ed6bbe1d3a8ed83c6b7291deaab9623ec1021ed768	1	1	1	1	1	1	1	1	1	1	1	1
clic-validation-091	default	510020	510020	510020	35a4c318cfef6f3135f4b885a47919c8a08f3a9f504315426ec6bfc5b38e00c0	35a4c318cfef6f3135f4b885a47919c8a08f3a9f504315426ec6bfc5b38e00c0	35a4c318cfef6f3135f4b885a47919c8a08f3a9f504315426ec6bfc5b38e00c0	1	1	1	1	1	1	1	1	1	1	1	1
clic-validation-091	compact	457864	457864	457864	ec1425334eea2cd7dae0c1dae593b5f1db5c714bfdb51bb0ce876bbeab53e683	ec1425334eea2cd7dae0c1dae593b5f1db5c714bfdb51bb0ce876bbeab53e683	ec1425334eea2cd7dae0c1dae593b5f1db5c714bfdb51bb0ce876bbeab53e683	1	1	1	1	1	1	1	1	1	1	1	1
clic-validation-091	low-latency	486686	486686	486686	9cea9a17537def290355f2d903f896ea8acc5544efac4efa157234561329d495	9cea9a17537def290355f2d903f896ea8acc5544efac4efa157234561329d495	9cea9a17537def290355f2d903f896ea8acc5544efac4efa157234561329d495	1	1	1	1	1	1	1	1	1	1	1	1
clic-validation-092	default	7760750	7760750	7760750	191dba9a1b5c3f0ad927c8ff253e55ffdd666fdb808ca4dabab482b71c1e5cd1	191dba9a1b5c3f0ad927c8ff253e55ffdd666fdb808ca4dabab482b71c1e5cd1	191dba9a1b5c3f0ad927c8ff253e55ffdd666fdb808ca4dabab482b71c1e5cd1	1	1	1	1	1	1	1	1	1	1	1	1
clic-validation-092	compact	6816046	6816046	6816046	bbdb660516f45c62080bb3cfb14442bea93bbff95e76d6d5e2fa3eca8ebbab78	bbdb660516f45c62080bb3cfb14442bea93bbff95e76d6d5e2fa3eca8ebbab78	bbdb660516f45c62080bb3cfb14442bea93bbff95e76d6d5e2fa3eca8ebbab78	1	1	1	1	1	1	1	1	1	1	1	1
clic-validation-092	low-latency	6821520	6821520	6821520	f83e97b0f22bbce54ffee5a75b817d3687b27f80c44768b41778681ee84bbc70	f83e97b0f22bbce54ffee5a75b817d3687b27f80c44768b41778681ee84bbc70	f83e97b0f22bbce54ffee5a75b817d3687b27f80c44768b41778681ee84bbc70	1	1	1	1	1	1	1	1	1	1	1	1
clic-validation-093	default	3866136	3866136	3866136	34d9a3ef03fd0a3230bc6b40719c7b15470545fb130b49641dd8b506115020ed	34d9a3ef03fd0a3230bc6b40719c7b15470545fb130b49641dd8b506115020ed	34d9a3ef03fd0a3230bc6b40719c7b15470545fb130b49641dd8b506115020ed	1	1	1	1	1	1	1	1	1	1	1	1
clic-validation-093	compact	3572272	3572272	3572272	812543b3fd71ea2844df5c9f582b0b21072ec2325cc21a8adeff844e1b574f3b	812543b3fd71ea2844df5c9f582b0b21072ec2325cc21a8adeff844e1b574f3b	812543b3fd71ea2844df5c9f582b0b21072ec2325cc21a8adeff844e1b574f3b	1	1	1	1	1	1	1	1	1	1	1	1
clic-validation-093	low-latency	3597412	3597412	3597412	5300546b4fe9c2b70568ce2cd07c7354fd29388aad1c2c946899d3b6f580196f	5300546b4fe9c2b70568ce2cd07c7354fd29388aad1c2c946899d3b6f580196f	5300546b4fe9c2b70568ce2cd07c7354fd29388aad1c2c946899d3b6f580196f	1	1	1	1	1	1	1	1	1	1	1	1
clic-validation-094	default	6741146	6741146	6741146	daeba39c1a3671ed2028a3fe35a39c41e6e46cc57d987f3c91429db8630f6a55	daeba39c1a3671ed2028a3fe35a39c41e6e46cc57d987f3c91429db8630f6a55	daeba39c1a3671ed2028a3fe35a39c41e6e46cc57d987f3c91429db8630f6a55	1	1	1	1	1	1	1	1	1	1	1	1
clic-validation-094	compact	5988924	5988924	5988924	f7cffe67ae6b6aa7f3826a0d55fb65130f51c2b3c65908984bd0a7421b8d52e1	f7cffe67ae6b6aa7f3826a0d55fb65130f51c2b3c65908984bd0a7421b8d52e1	f7cffe67ae6b6aa7f3826a0d55fb65130f51c2b3c65908984bd0a7421b8d52e1	1	1	1	1	1	1	1	1	1	1	1	1
clic-validation-094	low-latency	6119372	6119372	6119372	8e1db49e16de0a6b17536937991b1724577d03306a39d433348fda666dd5e56d	8e1db49e16de0a6b17536937991b1724577d03306a39d433348fda666dd5e56d	8e1db49e16de0a6b17536937991b1724577d03306a39d433348fda666dd5e56d	1	1	1	1	1	1	1	1	1	1	1	1
clic-validation-095	default	2841624	2841624	2841624	f702c6ba4abf5876195a75e92d348bf3646026e8320904ca8bf9caade299dc0e	f702c6ba4abf5876195a75e92d348bf3646026e8320904ca8bf9caade299dc0e	f702c6ba4abf5876195a75e92d348bf3646026e8320904ca8bf9caade299dc0e	1	1	1	1	1	1	1	1	1	1	1	1
clic-validation-095	compact	2710854	2710854	2710854	c2c15040fcfee5d2376edc676faa803c15bb04d1195274abdd108e1693b6f142	c2c15040fcfee5d2376edc676faa803c15bb04d1195274abdd108e1693b6f142	c2c15040fcfee5d2376edc676faa803c15bb04d1195274abdd108e1693b6f142	1	1	1	1	1	1	1	1	1	1	1	1
clic-validation-095	low-latency	2736452	2736452	2736452	0c4acdbdfb071402ae0b6d2f2b6ce6476b590fd7d38d70bb61c2a9b536e2912c	0c4acdbdfb071402ae0b6d2f2b6ce6476b590fd7d38d70bb61c2a9b536e2912c	0c4acdbdfb071402ae0b6d2f2b6ce6476b590fd7d38d70bb61c2a9b536e2912c	1	1	1	1	1	1	1	1	1	1	1	1
clic-validation-096	default	944428	944428	944428	42730fd8bac1570318e25fab0706aa582ef222064fe354655d32aa311bd4683f	42730fd8bac1570318e25fab0706aa582ef222064fe354655d32aa311bd4683f	42730fd8bac1570318e25fab0706aa582ef222064fe354655d32aa311bd4683f	1	1	1	1	1	1	1	1	1	1	1	1
clic-validation-096	compact	794174	794174	794174	11f6160a0420f9fec3f58c812b97df6d2822d637bc56c83ef24c8dd95638c30e	11f6160a0420f9fec3f58c812b97df6d2822d637bc56c83ef24c8dd95638c30e	11f6160a0420f9fec3f58c812b97df6d2822d637bc56c83ef24c8dd95638c30e	1	1	1	1	1	1	1	1	1	1	1	1
clic-validation-096	low-latency	797744	797744	797744	b0b30f999283b83498c5b5f7cb20a4b1b3144fd6b53006c8082f15846b43e886	b0b30f999283b83498c5b5f7cb20a4b1b3144fd6b53006c8082f15846b43e886	b0b30f999283b83498c5b5f7cb20a4b1b3144fd6b53006c8082f15846b43e886	1	1	1	1	1	1	1	1	1	1	1	1
clic-validation-097	default	5515280	5515280	5515280	ade9bbd653000d1badb90b72bc4e8aaffc0b45fe9d66e4cfeca50ed91ed0505c	ade9bbd653000d1badb90b72bc4e8aaffc0b45fe9d66e4cfeca50ed91ed0505c	ade9bbd653000d1badb90b72bc4e8aaffc0b45fe9d66e4cfeca50ed91ed0505c	1	1	1	1	1	1	1	1	1	1	1	1
clic-validation-097	compact	4853630	4853630	4853630	8216d7af57cf185f3513c784e7f2a62cf9e7b2f121dc55929528cd7ff4fcc29e	8216d7af57cf185f3513c784e7f2a62cf9e7b2f121dc55929528cd7ff4fcc29e	8216d7af57cf185f3513c784e7f2a62cf9e7b2f121dc55929528cd7ff4fcc29e	1	1	1	1	1	1	1	1	1	1	1	1
clic-validation-097	low-latency	4881750	4881750	4881750	1fa775f9fb865c5cd892d1274f3663348c2b66f9eb13cc2fed8394d89b4baa96	1fa775f9fb865c5cd892d1274f3663348c2b66f9eb13cc2fed8394d89b4baa96	1fa775f9fb865c5cd892d1274f3663348c2b66f9eb13cc2fed8394d89b4baa96	1	1	1	1	1	1	1	1	1	1	1	1
clic-validation-098	default	7637990	7637990	7637990	a8b879efbd385ba08bc8d76f865470f2782c789bad439522101f74b3bd590602	a8b879efbd385ba08bc8d76f865470f2782c789bad439522101f74b3bd590602	a8b879efbd385ba08bc8d76f865470f2782c789bad439522101f74b3bd590602	1	1	1	1	1	1	1	1	1	1	1	1
clic-validation-098	compact	7500734	7500734	7500734	1103ef2c7486de3e0b54bcc0f6afd310468a6d7cfb886a4cd58dad341967bb53	1103ef2c7486de3e0b54bcc0f6afd310468a6d7cfb886a4cd58dad341967bb53	1103ef2c7486de3e0b54bcc0f6afd310468a6d7cfb886a4cd58dad341967bb53	1	1	1	1	1	1	1	1	1	1	1	1
clic-validation-098	low-latency	7582970	7582970	7582970	51716ca024afce09775e896a51254d5ceaf7e03262d9450af97de40fa824b098	51716ca024afce09775e896a51254d5ceaf7e03262d9450af97de40fa824b098	51716ca024afce09775e896a51254d5ceaf7e03262d9450af97de40fa824b098	1	1	1	1	1	1	1	1	1	1	1	1
clic-validation-099	default	4737152	4737152	4737152	678de481cba2ecbd7a56f52caa6ae8f5ac5c93d789eabd7ff1d29d3e9ff426e9	678de481cba2ecbd7a56f52caa6ae8f5ac5c93d789eabd7ff1d29d3e9ff426e9	678de481cba2ecbd7a56f52caa6ae8f5ac5c93d789eabd7ff1d29d3e9ff426e9	1	1	1	1	1	1	1	1	1	1	1	1
clic-validation-099	compact	3909204	3909204	3909204	9f0d46947d92d5c0a6d9b6315091df7b886b7736ba349b942e93701f8b20cadf	9f0d46947d92d5c0a6d9b6315091df7b886b7736ba349b942e93701f8b20cadf	9f0d46947d92d5c0a6d9b6315091df7b886b7736ba349b942e93701f8b20cadf	1	1	1	1	1	1	1	1	1	1	1	1
clic-validation-099	low-latency	3924250	3924250	3924250	ef56143c9e343e7cac74ac64acaf7e531bd59f2dce7efc2e9fd007e3c5226c32	ef56143c9e343e7cac74ac64acaf7e531bd59f2dce7efc2e9fd007e3c5226c32	ef56143c9e343e7cac74ac64acaf7e531bd59f2dce7efc2e9fd007e3c5226c32	1	1	1	1	1	1	1	1	1	1	1	1
clic-validation-100	default	5626564	5626564	5626564	bd284684f060019df78986f6c7887b53e61211a7156915b815ea71ca9d658f52	bd284684f060019df78986f6c7887b53e61211a7156915b815ea71ca9d658f52	bd284684f060019df78986f6c7887b53e61211a7156915b815ea71ca9d658f52	1	1	1	1	1	1	1	1	1	1	1	1
clic-validation-100	compact	5764820	5764820	5764820	00fecc49783bc1bedbf269d05214ea669a81b294855470f25410e53245cb8e1e	00fecc49783bc1bedbf269d05214ea669a81b294855470f25410e53245cb8e1e	00fecc49783bc1bedbf269d05214ea669a81b294855470f25410e53245cb8e1e	1	1	1	1	1	1	1	1	1	1	1	1
clic-validation-100	low-latency	6078404	6078404	6078404	9688fa474ca54a5279e6879f7519adc93fccf9360eddcfd525cc185c14d47831	9688fa474ca54a5279e6879f7519adc93fccf9360eddcfd525cc185c14d47831	9688fa474ca54a5279e6879f7519adc93fccf9360eddcfd525cc185c14d47831	1	1	1	1	1	1	1	1	1	1	1	1
clic-validation-101	default	7480356	7480356	7480356	f476d8add3f841892b19f2ffbcca8786ac77a0be852da411c93c64ae475526c5	f476d8add3f841892b19f2ffbcca8786ac77a0be852da411c93c64ae475526c5	f476d8add3f841892b19f2ffbcca8786ac77a0be852da411c93c64ae475526c5	1	1	1	1	1	1	1	1	1	1	1	1
clic-validation-101	compact	6502912	6502912	6502912	fa1232fd269cf66b33f6e2a7107bf1e9e5c6277644a9f4418131b2406258c1cc	fa1232fd269cf66b33f6e2a7107bf1e9e5c6277644a9f4418131b2406258c1cc	fa1232fd269cf66b33f6e2a7107bf1e9e5c6277644a9f4418131b2406258c1cc	1	1	1	1	1	1	1	1	1	1	1	1
clic-validation-101	low-latency	6552670	6552670	6552670	bf69570463b356ba748d1fadd8f8ea65569c721e261428832c8a98d897a63588	bf69570463b356ba748d1fadd8f8ea65569c721e261428832c8a98d897a63588	bf69570463b356ba748d1fadd8f8ea65569c721e261428832c8a98d897a63588	1	1	1	1	1	1	1	1	1	1	1	1
