file	bytes	sha256
crossterm-lockup.webp	8624	a61b43af005e66066b16f9edd3f6cc216120264031b8dc9ffe4d13fa5c737c57
crossterm-mark.webp	6680	930173733ee8575a4e008570d101f8487b55fadaa9541ece43533154fd99915e
metal-raytracing.webp	1360216	dbc2a4ac994fc540e278709112dde4fff5e76bdb39bf8ee1226c5e51b01e8158
yansi-logo.webp	29472	2eb8c6b2d335e2b9e46a037a3b5b3b0af4b90aac75f7182a971102b507a54f55
bands-low-cardinality.webp	758	e59a2459e65f9e06c8a1d7bda03c745fabd4ffb93e43581fdabb3a0dc2ce93db
extreme-tall.webp	692	7ce431099abbc220bb492fd9f655a7da17f72cab229335dce1f67991ce9c5aeb
extreme-wide.webp	580	b3ca707e62c2bede54325320dcaadbbac95001012ef820a9d93e1453381253e9
gradient-full-range.webp	360	fea9478796a3a52363570b2b20a2c8a20bbdbda82b0bfaf1f08f964b4bcc4399
icon-binary-grid.webp	3166	db991ebf7f69a421752b6cd345c5d9c82b00f3558d1e2fbf8f1ae59da593f13d
mask-binary-diagonal.webp	1680	cf9ce96671f5911f9ab4a7f1d6d197e96f37fcfd0948f33bd7ea8c5d5530dcbc
photo-like-mask.webp	17700	5ea8c2e3bc435b321dd3ca34d6866de1cf6bd2cbeaa24412f13e356805b4e9d5
shadow-soft.webp	1490	9de9e3d050bc165ef300186da06faa822558bb3d2b120fb0a4c0823b97532b81
sparse-alpha.webp	36086	00d3ebe2468adb86484c8b84319c68e6c060ef615f9afd4ece2a9f32c7361046
stress-random.webp	1049914	958f2f1d138c1d438303bf8d6f0fc6247ada3e59ecb899827fc9a085fc19db06
ui-rounded-panels.webp	384	8e81a47e2e099d4751fab8dab7cff2846dd188f2822e597899ff253fb55adc84
