id	layout	base_bytes	control_bytes	candidate_bytes	base_sha256	control_sha256	candidate_sha256	base_control_full_byte	base_candidate_full_byte	control_candidate_full_byte	base_project_exact	control_project_exact	candidate_project_exact
clic-validation-000	default	8196184	8196184	8196184	9c68ff67c15c5d3df7daece012d3e9f0b8d7fd5e10e74e291d3aab1eebe97d80	9c68ff67c15c5d3df7daece012d3e9f0b8d7fd5e10e74e291d3aab1eebe97d80	9c68ff67c15c5d3df7daece012d3e9f0b8d7fd5e10e74e291d3aab1eebe97d80	1	1	1	1	1	1
clic-validation-000	compact	8130642	8130642	7871116	18d9249d9db6e2a1a371e08b221e756eb18b5845eb53eeaf7c5c1d4fb8a89c21	18d9249d9db6e2a1a371e08b221e756eb18b5845eb53eeaf7c5c1d4fb8a89c21	36a3bb2c62ed7fc8c1b87dc64a364ed22696189f55cc86e22bf6a20c7b06ceef	1	0	0	1	1	1
clic-validation-000	low-latency	8259942	8259942	8081720	ec6a63f4a1a983da016bde2d9bd2c33dd86b7f52260068ee315f40a39ecacb23	ec6a63f4a1a983da016bde2d9bd2c33dd86b7f52260068ee315f40a39ecacb23	8a51d463898e228055581feb357633757d70939873dcb17bdd32f30ed59a6936	1	0	0	1	1	1
clic-validation-001	default	6591856	6591856	6591856	149edccd9f2cf96d52a7aae7c69e63d34fb41ccd303c79e5d83fe1ac4afad11d	149edccd9f2cf96d52a7aae7c69e63d34fb41ccd303c79e5d83fe1ac4afad11d	149edccd9f2cf96d52a7aae7c69e63d34fb41ccd303c79e5d83fe1ac4afad11d	1	1	1	1	1	1
clic-validation-001	compact	6257982	6257982	6257690	3c7505f77611d11a7e895e96a579dc06b60ae2624030a6aba0f177788d342193	3c7505f77611d11a7e895e96a579dc06b60ae2624030a6aba0f177788d342193	7a00598e255510968568e3550d5e05ff7e7cfabb4981b4a6242c75bacda5b85c	1	0	0	1	1	1
clic-validation-001	low-latency	6309214	6309214	6332666	c2090db3dd739e29001877c4a2e25d8ca52f9a9ee0a8160b5ef698cfa86898ee	c2090db3dd739e29001877c4a2e25d8ca52f9a9ee0a8160b5ef698cfa86898ee	8bf4df82c6cf2aaca08bacb5b101d52a84e501730ae5b7667432f819115ebe06	1	0	0	1	1	1
clic-validation-002	default	6836132	6836132	6836132	1ebaae9d25de608411a3f2cb735254500ba316514d204b17a34294620265fb8a	1ebaae9d25de608411a3f2cb735254500ba316514d204b17a34294620265fb8a	1ebaae9d25de608411a3f2cb735254500ba316514d204b17a34294620265fb8a	1	1	1	1	1	1
clic-validation-002	compact	5799410	5799410	5969132	fdf1ededbf1cc3cc9876d7ef87745d966e3afa91b1755c8a5645d5ebcdbe579f	fdf1ededbf1cc3cc9876d7ef87745d966e3afa91b1755c8a5645d5ebcdbe579f	3507f8489be0c5bfaf1ace6698b1af3673534cc0f70d14abce81bee4dde83a79	1	0	0	1	1	1
clic-validation-002	low-latency	5942826	5942826	6081964	590e0a13213b6fcb65a9d9ef075979d8d15aac38443ec59b09811b22ff98749f	590e0a13213b6fcb65a9d9ef075979d8d15aac38443ec59b09811b22ff98749f	94e567209110b5673a73c95ca81df6af646e5f3b202a5673e569b1533c9c3bbf	1	0	0	1	1	1
clic-validation-003	default	6725608	6725608	6725608	75cf3e0429537f5bd6d3a5d86080259584ff58102ddc4b45ef4a582672ebadb9	75cf3e0429537f5bd6d3a5d86080259584ff58102ddc4b45ef4a582672ebadb9	75cf3e0429537f5bd6d3a5d86080259584ff58102ddc4b45ef4a582672ebadb9	1	1	1	1	1	1
clic-validation-003	compact	6050450	6050450	6097654	e10ea33e6002a5987ee71643069f4f86f3957c1267cd04e31fbaa0d12ee16dc0	e10ea33e6002a5987ee71643069f4f86f3957c1267cd04e31fbaa0d12ee16dc0	17fa1d402614ce3e7c5612021338ee9b8b4ff15a4120fc10a8516f5c6aa08247	1	0	0	1	1	1
clic-validation-003	low-latency	6126922	6126922	6124254	ff6b70383ee471761993421c3cbbf41b2afaa354f7929c91c2f4d3242c68c3cf	ff6b70383ee471761993421c3cbbf41b2afaa354f7929c91c2f4d3242c68c3cf	01b1f8abc7d6546d7feb07bb5a203aa3a14e5a9dffe751c54106c02dc1e9dfdc	1	0	0	1	1	1
clic-validation-004	default	5940292	5940292	5940292	e90844c21caac5b0e72d950fff4ec0af46e28e3230f35d010594e5fe3401cf01	e90844c21caac5b0e72d950fff4ec0af46e28e3230f35d010594e5fe3401cf01	e90844c21caac5b0e72d950fff4ec0af46e28e3230f35d010594e5fe3401cf01	1	1	1	1	1	1
clic-validation-004	compact	5328258	5328258	5359864	bc6770e98016f1c4c53ef0b7615855a353379a88207e8e26ffadddebbc70f93e	bc6770e98016f1c4c53ef0b7615855a353379a88207e8e26ffadddebbc70f93e	0e113b789b4dc225fab691e89e5d358d106f3e1f43353771413f8f2c1597c28a	1	0	0	1	1	1
clic-validation-004	low-latency	5437070	5437070	5485534	65ce567c757856d097508709d133e44961e03532f7ef5de65ea22d3c9021c13d	65ce567c757856d097508709d133e44961e03532f7ef5de65ea22d3c9021c13d	58a79ff1ce62c78c12f97fae79a3c8a0bd9193d0391da0035e18752a0b49b65c	1	0	0	1	1	1
clic-validation-005	default	5929020	5929020	5929020	2bd4885cb12f58aeb32069d5343b924cddb48e2f7cc078d45d5787800850ae7a	2bd4885cb12f58aeb32069d5343b924cddb48e2f7cc078d45d5787800850ae7a	2bd4885cb12f58aeb32069d5343b924cddb48e2f7cc078d45d5787800850ae7a	1	1	1	1	1	1
clic-validation-005	compact	5539552	5539552	5523562	4329ae94ee36325203bccbde11c04de2a2618e1416d545533dbae2e0c1c769fd	4329ae94ee36325203bccbde11c04de2a2618e1416d545533dbae2e0c1c769fd	dfa0f957822a65e52e644b96633b61f6886d67a607b1259adc3ec530c8869257	1	0	0	1	1	1
clic-validation-005	low-latency	5390698	5390698	5426972	fb03d9a7eedaf2fe14215b55c94aadbace00721ee943867495351768b2c911bd	fb03d9a7eedaf2fe14215b55c94aadbace00721ee943867495351768b2c911bd	39f7181c22c12328cd5b25c8a1d8fb204506c9857eecaa1c0c7449689b29ea1b	1	0	0	1	1	1
clic-validation-006	default	5931342	5931342	5931342	b326c330e51677e95de7587e6eab7a3beca3b79cf9436128def0f8421bba89f6	b326c330e51677e95de7587e6eab7a3beca3b79cf9436128def0f8421bba89f6	b326c330e51677e95de7587e6eab7a3beca3b79cf9436128def0f8421bba89f6	1	1	1	1	1	1
clic-validation-006	compact	5188746	5188746	5063954	5376977dc084638ccec748bbcadeac318272b941840f5ad5d06bd0e09b918f8c	5376977dc084638ccec748bbcadeac318272b941840f5ad5d06bd0e09b918f8c	12dc850d929bca31cc6b0e24952d52384bfe1228ec93bd6ce3b6c941e9feeb55	1	0	0	1	1	1
clic-validation-006	low-latency	5209140	5209140	5241812	afa08d0570a6655b7e11302c35c603f5d733fd94b21116d03f78d29e156668a2	afa08d0570a6655b7e11302c35c603f5d733fd94b21116d03f78d29e156668a2	56a3a0003569be093131de190a600722384c8885436180870531a687953c6418	1	0	0	1	1	1
clic-validation-007	default	8390522	8390522	8390522	6500ea8261b0a7b6b973bcf6f8d0474632901ad8cf338cb596b4793225c53632	6500ea8261b0a7b6b973bcf6f8d0474632901ad8cf338cb596b4793225c53632	6500ea8261b0a7b6b973bcf6f8d0474632901ad8cf338cb596b4793225c53632	1	1	1	1	1	1
clic-validation-007	compact	7922454	7922454	8061994	a167d22de8bbc29566578dded9a041b1f6f1ae47bf0b4ade070bbd01025d4c3c	a167d22de8bbc29566578dded9a041b1f6f1ae47bf0b4ade070bbd01025d4c3c	46bdd5f03f078756fda11f90a9b6e32d28b39daef53f314b2c5ca6ef6624dcfa	1	0	0	1	1	1
clic-validation-007	low-latency	8112576	8112576	8176956	870073f36e25e5d9aa254202c4650a810e47e8016d03d4847db8c2e3b7674ade	870073f36e25e5d9aa254202c4650a810e47e8016d03d4847db8c2e3b7674ade	b843a27a89dee04fc057f87d9b56ef974c1e05a2cc686a2b89d6e92a1d2b083b	1	0	0	1	1	1
clic-validation-008	default	4821292	4821292	4821292	65baf6579082e2f8f58e7ced30d806fe03f660032d4e90da25cfa4c92d318277	65baf6579082e2f8f58e7ced30d806fe03f660032d4e90da25cfa4c92d318277	65baf6579082e2f8f58e7ced30d806fe03f660032d4e90da25cfa4c92d318277	1	1	1	1	1	1
clic-validation-008	compact	4327522	4327522	4473630	38b8566aba827bfe898877889691d7eb54398dbb58fa83c9f00e57ea7f7c1bca	38b8566aba827bfe898877889691d7eb54398dbb58fa83c9f00e57ea7f7c1bca	17827e36ec14b4fa0bd1a8eb7099ecf35fa193f3b21b6576cbca24fded0ccb8d	1	0	0	1	1	1
clic-validation-008	low-latency	4391630	4391630	4614064	152787c9657668d8cc4122f6fb463985d6068a2e1104e2547211b652bb5c6413	152787c9657668d8cc4122f6fb463985d6068a2e1104e2547211b652bb5c6413	cfec9c6729475edb185b443c47175ad16692d81499397c6fe3643ee37d6ce536	1	0	0	1	1	1
clic-validation-009	default	4585812	4585812	4585812	6884224abdceb111a45dfc48b4d7e6a61d6d109c1db257c481e2ba3bc6c8a801	6884224abdceb111a45dfc48b4d7e6a61d6d109c1db257c481e2ba3bc6c8a801	6884224abdceb111a45dfc48b4d7e6a61d6d109c1db257c481e2ba3bc6c8a801	1	1	1	1	1	1
clic-validation-009	compact	5063414	5063414	5222640	964f6f54f21bb5c3e7877170ae44f804b82264da97561cf429af7b7af4dbf59c	964f6f54f21bb5c3e7877170ae44f804b82264da97561cf429af7b7af4dbf59c	b694a7a55be4fb59d65f5c979b35efece349a04629ae7a55cba87acbc8f9a01c	1	0	0	1	1	1
clic-validation-009	low-latency	5114026	5114026	5218404	1efa2a7beace650c60933e80fb529426037dd5abd6c8f1c58e2f281ae224bd09	1efa2a7beace650c60933e80fb529426037dd5abd6c8f1c58e2f281ae224bd09	11c09710bbd990d3365d61863ed6b5b98a60b6a922f3586dd20ab5e6fe831f69	1	0	0	1	1	1
clic-validation-010	default	4596850	4596850	4596850	1c05b056142f0f42b5843e8eab9e36b74c3a238f526a1c4ad2b350f56ab0d379	1c05b056142f0f42b5843e8eab9e36b74c3a238f526a1c4ad2b350f56ab0d379	1c05b056142f0f42b5843e8eab9e36b74c3a238f526a1c4ad2b350f56ab0d379	1	1	1	1	1	1
clic-validation-010	compact	3997470	3997470	4254170	c9dc13f0291bd11d641b455f7bf291712057154060990b11c5a863f8227dc98f	c9dc13f0291bd11d641b455f7bf291712057154060990b11c5a863f8227dc98f	015c698bb55965afc0f02ddc3647e3392e4ae3c5eef8b853630ccce5065696a7	1	0	0	1	1	1
clic-validation-010	low-latency	4032212	4032212	4300630	5c84b56441ae479b4e60dc92fc48c66d589b2b0fadf3d6d72f17a6eb1fef2278	5c84b56441ae479b4e60dc92fc48c66d589b2b0fadf3d6d72f17a6eb1fef2278	d332f8325bcf77520925234ec1a5fd1030cad8675aca002d647b7ce6e3ca92cf	1	0	0	1	1	1
clic-validation-011	default	2219464	2219464	2219464	1e56c49e1191b8955f07dd5408b2cd2d36d4fb00fb9685c27467410c22893335	1e56c49e1191b8955f07dd5408b2cd2d36d4fb00fb9685c27467410c22893335	1e56c49e1191b8955f07dd5408b2cd2d36d4fb00fb9685c27467410c22893335	1	1	1	1	1	1
clic-validation-011	compact	1961344	1961344	2006418	5f2b48818cd484250967be7ab1b97740b53d928f4f8bd913ebe92534f25e5745	5f2b48818cd484250967be7ab1b97740b53d928f4f8bd913ebe92534f25e5745	640c47b3108b637419c5ea7c26d617d76fb15a800fd0f98274d937532e818b52	1	0	0	1	1	1
clic-validation-011	low-latency	2023660	2023660	2033324	1e9447f026d14b4f9d6b24047037e98aeb9815ff85e41e42cdf1ba8099ebf307	1e9447f026d14b4f9d6b24047037e98aeb9815ff85e41e42cdf1ba8099ebf307	1d0c47769075e031bd3223b6436a6d37ebf5f128ff86cb23e17ff7754d915e9d	1	0	0	1	1	1
clic-validation-012	default	5327640	5327640	5327640	e4bbc72d958f2869d91e600b9c1a2668ae12b947f097c8052e1cdeb0dce55293	e4bbc72d958f2869d91e600b9c1a2668ae12b947f097c8052e1cdeb0dce55293	e4bbc72d958f2869d91e600b9c1a2668ae12b947f097c8052e1cdeb0dce55293	1	1	1	1	1	1
clic-validation-012	compact	4891824	4891824	4898494	6374142beb526c9ab53359ee18584d832d91b6009c57d6fd741c56a3a93dfe99	6374142beb526c9ab53359ee18584d832d91b6009c57d6fd741c56a3a93dfe99	13277946b6b94ab921c0c11f0b1004f113d00985c91184fbfa87e694df367fed	1	0	0	1	1	1
clic-validation-012	low-latency	5008486	5008486	4988824	e1fdd28e3d907c7080858d4e9e304896728e43e107f90b6518475a2925d88e74	e1fdd28e3d907c7080858d4e9e304896728e43e107f90b6518475a2925d88e74	263ee27030014c001c4e8a487a97c51d1a2d0d6d5cf0ccb0eaf983fee02820a2	1	0	0	1	1	1
clic-validation-013	default	5522704	5522704	5522704	3f9fe579235ba830e59730d001958e0d9649d39159f2061ee93c983e24704835	3f9fe579235ba830e59730d001958e0d9649d39159f2061ee93c983e24704835	3f9fe579235ba830e59730d001958e0d9649d39159f2061ee93c983e24704835	1	1	1	1	1	1
clic-validation-013	compact	5058144	5058144	5066510	906e488dbb2917fd7eb37683db13b476631d07fdc1b4ee3d6512c462d20ce7d6	906e488dbb2917fd7eb37683db13b476631d07fdc1b4ee3d6512c462d20ce7d6	47c9946a2ed4ba97ac976e98d9f6b0b9eb371b7e6be42e6a3f767569936eece8	1	0	0	1	1	1
clic-validation-013	low-latency	5153972	5153972	5076218	b7269c342b5ba02d18329ddf4cb6b32c7973f80dc16e5b3d355fb9585f9c970d	b7269c342b5ba02d18329ddf4cb6b32c7973f80dc16e5b3d355fb9585f9c970d	11408e14c4b17ea5f8099a65a6a3bad752e9866b041ef160a186e6070a85d9b3	1	0	0	1	1	1
clic-validation-014	default	5417568	5417568	5417568	c9c311b0bf988418c86c7e4c8c4d4f021500518e4b1d044dae4dd82fba9299da	c9c311b0bf988418c86c7e4c8c4d4f021500518e4b1d044dae4dd82fba9299da	c9c311b0bf988418c86c7e4c8c4d4f021500518e4b1d044dae4dd82fba9299da	1	1	1	1	1	1
clic-validation-014	compact	5293592	5293592	5418882	09247863add854c8f90424a8bf7d929be8cc3dae653218894145f534dbb71eba	09247863add854c8f90424a8bf7d929be8cc3dae653218894145f534dbb71eba	60fbddd24d9aea0cb76efafa1d27ffbac63d739efeb4dad614ad6860249a917a	1	0	0	1	1	1
clic-validation-014	low-latency	5386808	5386808	5501476	02539e8fe6fad539367e4095c7915b8de2ddc7f5ae3568dd60006266221c6336	02539e8fe6fad539367e4095c7915b8de2ddc7f5ae3568dd60006266221c6336	f2de6c3b62ff7270c7026bedd335e4a8000e0397060e80ba2053bd7a1476af62	1	0	0	1	1	1
clic-validation-015	default	5769074	5769074	5769074	952c19851c58eb31c904d80dbf8471e3c1852fd85a8193673cef39bbc0b774c4	952c19851c58eb31c904d80dbf8471e3c1852fd85a8193673cef39bbc0b774c4	952c19851c58eb31c904d80dbf8471e3c1852fd85a8193673cef39bbc0b774c4	1	1	1	1	1	1
clic-validation-015	compact	5656200	5656200	5706364	2bf7e29200e43f63d2313332321eee06a4cbec812f6f7fe0fccc75d12e76bec0	2bf7e29200e43f63d2313332321eee06a4cbec812f6f7fe0fccc75d12e76bec0	e49af1e9e01c8f15e7e9a00d681fb04fea98294fd55586f0168a9e3362744242	1	0	0	1	1	1
clic-validation-015	low-latency	5684412	5684412	5737356	c6e6b56cc341b26466a4a99112dba8b44256a62d633f70297a833d8a965f2615	c6e6b56cc341b26466a4a99112dba8b44256a62d633f70297a833d8a965f2615	8a2670bfcfdbbb713f06700bf88ee03e715c4ffacf92d946db6a3cc878ad7a96	1	0	0	1	1	1
clic-validation-016	default	5331074	5331074	5331074	e1629d116a2e32a25c9e40b493680c72cac20b791ce0b8fa22d7ee0db3dfa645	e1629d116a2e32a25c9e40b493680c72cac20b791ce0b8fa22d7ee0db3dfa645	e1629d116a2e32a25c9e40b493680c72cac20b791ce0b8fa22d7ee0db3dfa645	1	1	1	1	1	1
clic-validation-016	compact	4555750	4555750	4601414	58f063c0624fced1035134cbbd7080089cf4ebc1751ebf3c75812069bb3e0543	58f063c0624fced1035134cbbd7080089cf4ebc1751ebf3c75812069bb3e0543	565760298a51b94871c41ae10ddee02e6f8ce34d6de5d80767dc88fe7c95b12d	1	0	0	1	1	1
clic-validation-016	low-latency	4701704	4701704	4759326	59d8731b778639bb58c6487b5a7ce3bee48e3ed40427e35536f44ea86212d27b	59d8731b778639bb58c6487b5a7ce3bee48e3ed40427e35536f44ea86212d27b	196600a3e14c18e061ae6dd7af5cea3ad01113a32e505b18f1a4efe7e36e1f25	1	0	0	1	1	1
clic-validation-017	default	6910582	6910582	6910582	af59fbfdac61e217c815935b3e4db6d0c49c79bb2590abae2b89f444c099a311	af59fbfdac61e217c815935b3e4db6d0c49c79bb2590abae2b89f444c099a311	af59fbfdac61e217c815935b3e4db6d0c49c79bb2590abae2b89f444c099a311	1	1	1	1	1	1
clic-validation-017	compact	6691500	6691500	6873894	c292ccc118db2a047889d7291ebe886a96df2f9e046caed50ec213ba81521249	c292ccc118db2a047889d7291ebe886a96df2f9e046caed50ec213ba81521249	12d53a0a68651592c476b558f2cf4731bce5337e827414ffd9cd29dc59325a91	1	0	0	1	1	1
clic-validation-017	low-latency	6719656	6719656	6867728	e179d24b01bbe4e8be5b051880547863c28ab4b30f9c8ab97b2519ece50adece	e179d24b01bbe4e8be5b051880547863c28ab4b30f9c8ab97b2519ece50adece	dbc1325648165a2134db56fc77484ae8be8c94262af7b3a99de96ac72ab86012	1	0	0	1	1	1
clic-validation-018	default	5479718	5479718	5479718	8c68dcbbb7b6546083c2d7dbced76e386fb5efd51b168c36336c304f36a351be	8c68dcbbb7b6546083c2d7dbced76e386fb5efd51b168c36336c304f36a351be	8c68dcbbb7b6546083c2d7dbced76e386fb5efd51b168c36336c304f36a351be	1	1	1	1	1	1
clic-validation-018	compact	5115144	5115144	5083908	0cbe2ca85c119e547b298d7a4a5a5a66e9b0e9e54121c827e6259a782fd6baad	0cbe2ca85c119e547b298d7a4a5a5a66e9b0e9e54121c827e6259a782fd6baad	6bd8ce0f7a9daefe72e8a875b9002d720501f341a4dbd0ad556b499d67b83ec7	1	0	0	1	1	1
clic-validation-018	low-latency	5118420	5118420	5090770	02cf183ec281c5e4d16e8a594d64dd6b55987bfb7425495a6eb333f12cd4ff18	02cf183ec281c5e4d16e8a594d64dd6b55987bfb7425495a6eb333f12cd4ff18	0ec50cad6220d2d0027dd85a7ca2f9f732b1f953a6dc208408fcf2b21a0fc8e2	1	0	0	1	1	1
clic-validation-019	default	4600256	4600256	4600256	8f258a1ef56f6e51ee39199102d21f2da4905ec7d549f6ea2f3760cb4f3235ed	8f258a1ef56f6e51ee39199102d21f2da4905ec7d549f6ea2f3760cb4f3235ed	8f258a1ef56f6e51ee39199102d21f2da4905ec7d549f6ea2f3760cb4f3235ed	1	1	1	1	1	1
clic-validation-019	compact	5039696	5039696	5079850	25da1388cac1646e9fdcc7c812ed2a11050227bb2e06f3990695f7b5e27ee82e	25da1388cac1646e9fdcc7c812ed2a11050227bb2e06f3990695f7b5e27ee82e	50968e4d036557c0330d2162ed6a4640b89970f3e16ce09889f65bff0bb7bb5e	1	0	0	1	1	1
clic-validation-019	low-latency	5108948	5108948	5028620	2f7d8431ea7fbacf05909e9a0953db42f1d7281df28473d65c3c435ab57621f6	2f7d8431ea7fbacf05909e9a0953db42f1d7281df28473d65c3c435ab57621f6	b971d10bbe0cb3434ffb4fedf1303e888df08a58974db537196064584a05fdc5	1	0	0	1	1	1
clic-validation-020	default	6941342	6941342	6941342	61eb2db42003d707f990a6c6b743a150320ba3a2c8ebec2167153dab1cdacfd3	61eb2db42003d707f990a6c6b743a150320ba3a2c8ebec2167153dab1cdacfd3	61eb2db42003d707f990a6c6b743a150320ba3a2c8ebec2167153dab1cdacfd3	1	1	1	1	1	1
clic-validation-020	compact	6358216	6358216	6373942	d69d02887bb98cccc7d432d850e580f504ca29b96d2bcff1a016c6dd710516e3	d69d02887bb98cccc7d432d850e580f504ca29b96d2bcff1a016c6dd710516e3	d416a30d934c5c3cafdb915a9c6679f3b95fa9f3d218184e4863f66951cf0064	1	0	0	1	1	1
clic-validation-020	low-latency	6430820	6430820	6505300	ef2f1dc85ca94255109c18392b95276cf5913be7c241d8bd75634a7331e2c86a	ef2f1dc85ca94255109c18392b95276cf5913be7c241d8bd75634a7331e2c86a	af4e8b01dd49c73cb10b1bb3dca05f89794bed6cec2f2d65e5096e3bb55fb426	1	0	0	1	1	1
clic-validation-021	default	4572734	4572734	4572734	45c3e99e028f0cdb816ae9ecb022ccf614cad222ce01dc99f448a37b35922ade	45c3e99e028f0cdb816ae9ecb022ccf614cad222ce01dc99f448a37b35922ade	45c3e99e028f0cdb816ae9ecb022ccf614cad222ce01dc99f448a37b35922ade	1	1	1	1	1	1
clic-validation-021	compact	4565070	4565070	4720368	91cd202f840c3273274b71c651969e00deb7bd20720355904c1cc3c9ec8d85e9	91cd202f840c3273274b71c651969e00deb7bd20720355904c1cc3c9ec8d85e9	05dd0f7740443f285e65cd013a4f14ccdb87ddd63b37a5c00b87e41b9ff869ed	1	0	0	1	1	1
clic-validation-021	low-latency	4693378	4693378	4797148	71de9ebf05e1c6fe6e2c2bfc31b7a64164262a807201f36c57fc13ae89758f64	71de9ebf05e1c6fe6e2c2bfc31b7a64164262a807201f36c57fc13ae89758f64	65a98a2b7ff508c027752152ce45ec987ef35cb4c41cca73551c127d7e7a78b8	1	0	0	1	1	1
clic-validation-022	default	5589618	5589618	5589618	5e51e07028652203b4244e9bd5aeef3baf70d72d3a83926729351643c22b01d2	5e51e07028652203b4244e9bd5aeef3baf70d72d3a83926729351643c22b01d2	5e51e07028652203b4244e9bd5aeef3baf70d72d3a83926729351643c22b01d2	1	1	1	1	1	1
clic-validation-022	compact	5628196	5628196	5663352	f2f8fae7534ab1830765ca7472f4d24faa2743b2f5a7af41416fa4b61ecbd6e2	f2f8fae7534ab1830765ca7472f4d24faa2743b2f5a7af41416fa4b61ecbd6e2	8373109ce886ded0648d7ed0395ac946383fca9ba004349a1cd42bd49ccd2f48	1	0	0	1	1	1
clic-validation-022	low-latency	5628318	5628318	5783948	08d8fbf809e8b22cc3105b62013375b0cd9698b2edead085e0a68287aa66a8f7	08d8fbf809e8b22cc3105b62013375b0cd9698b2edead085e0a68287aa66a8f7	e590433c125944b255e3561be69758081b3568a20f41c0a9dc50043a05d60b2f	1	0	0	1	1	1
clic-validation-023	default	5744942	5744942	5744942	a221bf3785716e32ca6fd89bb5018fc04579d3f3ebfa247c77a5d68715140e69	a221bf3785716e32ca6fd89bb5018fc04579d3f3ebfa247c77a5d68715140e69	a221bf3785716e32ca6fd89bb5018fc04579d3f3ebfa247c77a5d68715140e69	1	1	1	1	1	1
clic-validation-023	compact	5856188	5856188	5765296	2e86b00ca74f6f69493ce7095cde62ae84e258b75396565cf3e0491286c9e657	2e86b00ca74f6f69493ce7095cde62ae84e258b75396565cf3e0491286c9e657	d67b0b2014cacb3a8e7f2fb4ce19425d6b6c16e674f8a2e69836f19ddecbcf61	1	0	0	1	1	1
clic-validation-023	low-latency	5979252	5979252	5768684	223fade43d32695635806387150f73a370475795441f395d2654a5db8e847455	223fade43d32695635806387150f73a370475795441f395d2654a5db8e847455	c6044268dd21411080c0f7ef3244fa166bb663c59060aad5434077f89acb35c8	1	0	0	1	1	1
clic-validation-024	default	7019090	7019090	7019090	49221d6724025f176f2c3d97f8b68d3d79a0d70729ecbc016aa79f4433a49891	49221d6724025f176f2c3d97f8b68d3d79a0d70729ecbc016aa79f4433a49891	49221d6724025f176f2c3d97f8b68d3d79a0d70729ecbc016aa79f4433a49891	1	1	1	1	1	1
clic-validation-024	compact	7349344	7349344	7373846	6f0d8854681735eb11a26bc4b0ac4297d98360cb7172bd9f0e2fb38a6dd2816b	6f0d8854681735eb11a26bc4b0ac4297d98360cb7172bd9f0e2fb38a6dd2816b	c0be44ece6e03b5fe6536f575dd38d43034ef5a4b48933ca2d603f993be767de	1	0	0	1	1	1
clic-validation-024	low-latency	7363364	7363364	7504916	d8da81edd3132ccae2e5322d87760c0cdd3704374a9b397c72b1ea7ba2f4e469	d8da81edd3132ccae2e5322d87760c0cdd3704374a9b397c72b1ea7ba2f4e469	f13970270735d0077aa2f3bf214e98cd3bebc417e53f0b2cd09a2c739a27de1c	1	0	0	1	1	1
clic-validation-025	default	8105312	8105312	8105312	390137108afde51bf71245c9389d5a9114ca8f96cdb18e180956e447f812aace	390137108afde51bf71245c9389d5a9114ca8f96cdb18e180956e447f812aace	390137108afde51bf71245c9389d5a9114ca8f96cdb18e180956e447f812aace	1	1	1	1	1	1
clic-validation-025	compact	7869586	7869586	8001788	ee9f8282142bc78b57ce2b133ac4257a82b76723e74340f3b2cb9a94cc3c45b7	ee9f8282142bc78b57ce2b133ac4257a82b76723e74340f3b2cb9a94cc3c45b7	e66049124bcc9824717f755bb329d9e4f742a8a16ac0671e768283074b3c4926	1	0	0	1	1	1
clic-validation-025	low-latency	8063140	8063140	8159202	8739808ac30d6a1b5bdfdad5811dbf88cf9d5d3a63cf0bb0f33733fe0653fbf7	8739808ac30d6a1b5bdfdad5811dbf88cf9d5d3a63cf0bb0f33733fe0653fbf7	89f56f41e7a485e9472e00917014fd7c9dbed6b5581f2420c5efd0f01fb1b9dd	1	0	0	1	1	1
clic-validation-026	default	8891084	8891084	8891084	474a76521167300d9b6df55456164a352df0f551594ec5b67426a8f9080f1036	474a76521167300d9b6df55456164a352df0f551594ec5b67426a8f9080f1036	474a76521167300d9b6df55456164a352df0f551594ec5b67426a8f9080f1036	1	1	1	1	1	1
clic-validation-026	compact	8259084	8259084	8188514	656f4ad2aaefd2362c1331bf01e6902fca90e6bc10dc777fe23dfcb777499b69	656f4ad2aaefd2362c1331bf01e6902fca90e6bc10dc777fe23dfcb777499b69	4b4f4491d665ec3bae301c71bdac0c158eb93502938dafc025cb56842f44523a	1	0	0	1	1	1
clic-validation-026	low-latency	8349358	8349358	8351616	1f98c84458d1c052b2a337cd9386bf68cb29ffb26cc5d3d9ac13059f1fa48cbe	1f98c84458d1c052b2a337cd9386bf68cb29ffb26cc5d3d9ac13059f1fa48cbe	d54bde00e9e2212068da97a0dfd05ff4d83ceaf949eb6ea6f7de746340e67197	1	0	0	1	1	1
clic-validation-027	default	5964034	5964034	5964034	7cb3dead042e47735e6b9132380bc64220a81a535c6084bab37bae2b4fd8a0b5	7cb3dead042e47735e6b9132380bc64220a81a535c6084bab37bae2b4fd8a0b5	7cb3dead042e47735e6b9132380bc64220a81a535c6084bab37bae2b4fd8a0b5	1	1	1	1	1	1
clic-validation-027	compact	6933844	6933844	7026262	0e1e34f78d81a5dc9170c456cdd4fdbf25a5a1349ca4db3ac3d6f27b71664cb2	0e1e34f78d81a5dc9170c456cdd4fdbf25a5a1349ca4db3ac3d6f27b71664cb2	5a78362519b92f1fa06e4c9e1deddca9c5cfe6a4f4e4f69f1bd5414d5956b46f	1	0	0	1	1	1
clic-validation-027	low-latency	7076126	7076126	7109948	860f3367103a5d90dad34bc78e6f8a9d73a3092dad8658ce7da61ac86ccc9893	860f3367103a5d90dad34bc78e6f8a9d73a3092dad8658ce7da61ac86ccc9893	0a2e7fddc04c7127dc473affb35168294ffc92d1cfe5435624058c67cf061081	1	0	0	1	1	1
clic-validation-028	default	6561444	6561444	6561444	4c81abbc4715a70092f25c87b978b399efea0aee70d43c23a311d842e3dfe568	4c81abbc4715a70092f25c87b978b399efea0aee70d43c23a311d842e3dfe568	4c81abbc4715a70092f25c87b978b399efea0aee70d43c23a311d842e3dfe568	1	1	1	1	1	1
clic-validation-028	compact	7265392	7265392	7243452	4b3bb7dea5f40d65600913f1468f4eebd1b5260138a12faf7714b31098d9c37f	4b3bb7dea5f40d65600913f1468f4eebd1b5260138a12faf7714b31098d9c37f	aad960376db7f405a10151263df5c45de3e4e3995619417b30361a6ed393d8be	1	0	0	1	1	1
clic-validation-028	low-latency	7360348	7360348	7315328	85f10fc5f3f935004f57811903d2e1559ed237e6ac7193a6d628f72c658d8590	85f10fc5f3f935004f57811903d2e1559ed237e6ac7193a6d628f72c658d8590	d5cc428a1a7694415518abecba5ab373f3035830e59bdc110ff946ab72e3cc21	1	0	0	1	1	1
clic-validation-029	default	6136958	6136958	6136958	1ead05235a8d3e671d8b909d6797f1f1728a940300cd87b5a7020e5022ceff4f	1ead05235a8d3e671d8b909d6797f1f1728a940300cd87b5a7020e5022ceff4f	1ead05235a8d3e671d8b909d6797f1f1728a940300cd87b5a7020e5022ceff4f	1	1	1	1	1	1
clic-validation-029	compact	6107890	6107890	6038956	7d9f9394234c124e7f6312afcb64f71a8a36b0420f0ddc64962334d01890dcd1	7d9f9394234c124e7f6312afcb64f71a8a36b0420f0ddc64962334d01890dcd1	1e06a37f2e4231bcde57a17c7f51f3c60f33ca5f9ef2af58dc8671d6d071f240	1	0	0	1	1	1
clic-validation-029	low-latency	6030840	6030840	6217394	f9ecbb9bb3bc8da55735432bcbf1fc50a632205963bf953dd38503238f94a475	f9ecbb9bb3bc8da55735432bcbf1fc50a632205963bf953dd38503238f94a475	d07e29e945bfbff476a35c0d71a5f3ca2157a945107c64c496f88b8b3a08db71	1	0	0	1	1	1
clic-validation-030	default	8570450	8570450	8570450	942b53c0baf5a49e2c84ef5baaec711cf9acd38466fa49b4afa763d885259d09	942b53c0baf5a49e2c84ef5baaec711cf9acd38466fa49b4afa763d885259d09	942b53c0baf5a49e2c84ef5baaec711cf9acd38466fa49b4afa763d885259d09	1	1	1	1	1	1
clic-validation-030	compact	8257108	8257108	8319202	6c13045f4dd174d2a135c06037732a920346e5c08ffede79dcf9643f2eb86136	6c13045f4dd174d2a135c06037732a920346e5c08ffede79dcf9643f2eb86136	1dc0a74692fd242199529b87c92870ba74895e01534c772be906d08a0033c29d	1	0	0	1	1	1
clic-validation-030	low-latency	8705786	8705786	8603538	012d53c40449bdc5c38594d41e9f208d54b5a700fa4faf402bdf8848c854062a	012d53c40449bdc5c38594d41e9f208d54b5a700fa4faf402bdf8848c854062a	12400e42ab26ad92f34b18fc059d5555d962f21f0ee0ae79f4cd75ad9e817106	1	0	0	1	1	1
clic-validation-031	default	7531522	7531522	7531522	799111df28c02393f07a36beae997d16740985e49640106eb076c65033e3741f	799111df28c02393f07a36beae997d16740985e49640106eb076c65033e3741f	799111df28c02393f07a36beae997d16740985e49640106eb076c65033e3741f	1	1	1	1	1	1
clic-validation-031	compact	7174330	7174330	7261384	74ec9e59de87abfd4be17b67a78218aa29c1c4d071df5d787c3dd6c00cb3ac5f	74ec9e59de87abfd4be17b67a78218aa29c1c4d071df5d787c3dd6c00cb3ac5f	bee13ca0d1697929ca3d06c7668804a1443fc3756fbf7c21dc0b6e6b199d8bda	1	0	0	1	1	1
clic-validation-031	low-latency	7277258	7277258	7256042	d350323280853ce84bb770178b3ce91b39391ae34796bf4b41a7aa2518ce183f	d350323280853ce84bb770178b3ce91b39391ae34796bf4b41a7aa2518ce183f	5b6c5ecf2d51753ff433acc3ca8f918abfe3f7cfecf3f75cde717b53bf50b1b3	1	0	0	1	1	1
clic-validation-032	default	7299398	7299398	7299398	1de1472dd6b34db507fcc87dc639db6178c0e5377f994490689cbe388c26cb10	1de1472dd6b34db507fcc87dc639db6178c0e5377f994490689cbe388c26cb10	1de1472dd6b34db507fcc87dc639db6178c0e5377f994490689cbe388c26cb10	1	1	1	1	1	1
clic-validation-032	compact	6915788	6915788	6904172	0bd67d79c4b8f71ad003be3ba87ebf4bff5b48f5b0be38f66504161db0278ef4	0bd67d79c4b8f71ad003be3ba87ebf4bff5b48f5b0be38f66504161db0278ef4	3533a46c2befc8f1688bface34af005c1687644a687e1a5fb92d435db211e037	1	0	0	1	1	1
clic-validation-032	low-latency	6987574	6987574	7074418	6102512502209408f7ed2bc74ca1abdd2fc286523d362ef6bd238da98bb5974c	6102512502209408f7ed2bc74ca1abdd2fc286523d362ef6bd238da98bb5974c	55b86a8c93466625a206d9a5c4c88749410a86011cbc11ab777bac5fc41dd11a	1	0	0	1	1	1
clic-validation-033	default	8069182	8069182	8069182	bbb1e24b2752cfd7e23277a43042608584c91a43ec058f0836a04bfa875207c5	bbb1e24b2752cfd7e23277a43042608584c91a43ec058f0836a04bfa875207c5	bbb1e24b2752cfd7e23277a43042608584c91a43ec058f0836a04bfa875207c5	1	1	1	1	1	1
clic-validation-033	compact	8462362	8462362	8617556	776c664501de78d8de342a3561dd78f33c4914701a2f81f988ab8799beb0eb85	776c664501de78d8de342a3561dd78f33c4914701a2f81f988ab8799beb0eb85	10a69ec4431070254ebf741409a5067c7af1f89334f7143d858bf6c836ed4d83	1	0	0	1	1	1
clic-validation-033	low-latency	8431672	8431672	8518786	fa1a44a9f01182ab37595c130646e217197956e8bc6686992fee8b12b5982b7a	fa1a44a9f01182ab37595c130646e217197956e8bc6686992fee8b12b5982b7a	3188bef46500cb91378a9eb918b4fa8be3b7d6509ad53d41a26909130e6c0d54	1	0	0	1	1	1
clic-validation-034	default	8618366	8618366	8618366	e7838e5df04a3532b91d13a82ed5cf66330796ad5b9f500c550b6d51c8897995	e7838e5df04a3532b91d13a82ed5cf66330796ad5b9f500c550b6d51c8897995	e7838e5df04a3532b91d13a82ed5cf66330796ad5b9f500c550b6d51c8897995	1	1	1	1	1	1
clic-validation-034	compact	8425850	8425850	8338684	6c24c08205da874d3d8e90d805cba0c708144a6ddf09d75019b8fa58af047dba	6c24c08205da874d3d8e90d805cba0c708144a6ddf09d75019b8fa58af047dba	58b5e5cc33532d2ddbc99c853e06d7fda6d8e6c096e49cb4a56d82b976708c80	1	0	0	1	1	1
clic-validation-034	low-latency	8475800	8475800	8468114	939230ccd339518ee7cb2c0d6c4c0240917d87a5707d3e0110cfe96595f20adb	939230ccd339518ee7cb2c0d6c4c0240917d87a5707d3e0110cfe96595f20adb	6beb2536f310c2044b25b6aaa999c582d7d42bc51715305947938e0c5efe5633	1	0	0	1	1	1
clic-validation-035	default	8048070	8048070	8048070	37f6ff26d72d8253f4fa933115415d776c7e92b15807e206890880f39a62cdae	37f6ff26d72d8253f4fa933115415d776c7e92b15807e206890880f39a62cdae	37f6ff26d72d8253f4fa933115415d776c7e92b15807e206890880f39a62cdae	1	1	1	1	1	1
clic-validation-035	compact	8124282	8124282	8009488	860d3c46861d4379055fae86e88058d295c1dfba8352fb171cfdf362085da594	860d3c46861d4379055fae86e88058d295c1dfba8352fb171cfdf362085da594	5ab3bcb633925a30abce798ffff2c714dd31fa8664b8cf789889fd05bc313607	1	0	0	1	1	1
clic-validation-035	low-latency	8055284	8055284	8165506	1dff7212279ad0d8140621a48cb74ea128f2596d7a85917341c875725634c883	1dff7212279ad0d8140621a48cb74ea128f2596d7a85917341c875725634c883	26e4b8c28b1df4919f45c598ab9913618d850d590800c6f213cd2ab2e0b155c8	1	0	0	1	1	1
clic-validation-036	default	8305656	8305656	8305656	31fc7c444e97ba05b6ffa1acfc33a19f603a43dfffacf6f31db8d1eeb5b240d7	31fc7c444e97ba05b6ffa1acfc33a19f603a43dfffacf6f31db8d1eeb5b240d7	31fc7c444e97ba05b6ffa1acfc33a19f603a43dfffacf6f31db8d1eeb5b240d7	1	1	1	1	1	1
clic-validation-036	compact	7281758	7281758	7237654	c4bd3da9219befd6e5eca96a934c30291edffe8da3b67704a14826b4e5508325	c4bd3da9219befd6e5eca96a934c30291edffe8da3b67704a14826b4e5508325	c1fa67ba3c37f3dd54ac7ea1cf250f0f5321bbbf1ff90daefa277403647cbe27	1	0	0	1	1	1
clic-validation-036	low-latency	7368046	7368046	7357608	e1eb478d329727473ba6ff99373284f40dddb9ae07f71a4c97328ae3efa33ef3	e1eb478d329727473ba6ff99373284f40dddb9ae07f71a4c97328ae3efa33ef3	7056dafedd8ffc3f58e0cc4e6311dbd6b1bcb730026be888a3480a5b4782793e	1	0	0	1	1	1
clic-validation-037	default	8246464	8246464	8246464	945e57e8296b08b109a16bef0600ab42d27d6e6e8bec59b6e532866037f2edf1	945e57e8296b08b109a16bef0600ab42d27d6e6e8bec59b6e532866037f2edf1	945e57e8296b08b109a16bef0600ab42d27d6e6e8bec59b6e532866037f2edf1	1	1	1	1	1	1
clic-validation-037	compact	7772372	7772372	7725728	51162c6596b1bd530adec0c379b9738580a27bbb06a718dc937a1dd291d102b3	51162c6596b1bd530adec0c379b9738580a27bbb06a718dc937a1dd291d102b3	0b892e5c5078c716a52dcc86a8c1a0034aeeb54c1eb8e7372803cf01b100414a	1	0	0	1	1	1
clic-validation-037	low-latency	7805588	7805588	7831084	22f7ad99e06fdacd949faa6cfa39fc60477138f514502b10f3e1e9fa00425f87	22f7ad99e06fdacd949faa6cfa39fc60477138f514502b10f3e1e9fa00425f87	3d9d9f59ddcbb27b4aeeed1faeb0638c8cc31c07c35a6f15b37d72ce9fc24b86	1	0	0	1	1	1
clic-validation-038	default	7673578	7673578	7673578	1cade36432e04dd1b989e4fde5cf409837820f3f937ffff7370e00b9b3359ec9	1cade36432e04dd1b989e4fde5cf409837820f3f937ffff7370e00b9b3359ec9	1cade36432e04dd1b989e4fde5cf409837820f3f937ffff7370e00b9b3359ec9	1	1	1	1	1	1
clic-validation-038	compact	8140256	8140256	8027394	48543d75bed679461f6bf84c09d7d5d392b070b0f4db5869d1b865e749deb371	48543d75bed679461f6bf84c09d7d5d392b070b0f4db5869d1b865e749deb371	c1d2d944980b6bda97ed9a5d6c328a8df6e2594dfeb24167d767388b5118d431	1	0	0	1	1	1
clic-validation-038	low-latency	8129706	8129706	8256032	c154d8582a0dd35eae5315e35abea6659a9885016dfaca927a7c51e3f973a024	c154d8582a0dd35eae5315e35abea6659a9885016dfaca927a7c51e3f973a024	b2507fe545a9908b96cb363da10897893e46fe7c2298340ce54dcd7c12a7c097	1	0	0	1	1	1
clic-validation-039	default	8203404	8203404	8203404	c0d23a0ff3a08c05c65d79c9777e691c937cb02b3ecab828df68d54da4087113	c0d23a0ff3a08c05c65d79c9777e691c937cb02b3ecab828df68d54da4087113	c0d23a0ff3a08c05c65d79c9777e691c937cb02b3ecab828df68d54da4087113	1	1	1	1	1	1
clic-validation-039	compact	7163302	7163302	7231482	6e18bb72a165ec394aecce2ddd1ee90914fda779077539a44689fb0936d6d4e9	6e18bb72a165ec394aecce2ddd1ee90914fda779077539a44689fb0936d6d4e9	42d1a068b7bfaf015abdb56de9ff451352b2fd229871c5b932d35e87b6842cfb	1	0	0	1	1	1
clic-validation-039	low-latency	7174990	7174990	7201624	66904cd35dff922656d2678ef4c2cd6e01ccad6dd6f511b189589c96a213dedc	66904cd35dff922656d2678ef4c2cd6e01ccad6dd6f511b189589c96a213dedc	11412ce7965fb23b45e591531bbbce9b2b33f5571d8c8a2e4e4c79502e6e9af0	1	0	0	1	1	1
clic-validation-040	default	7870646	7870646	7870646	b0e1ddd6ae7af2e1884c5349e0585a50278306bb96d88591feab15512631724a	b0e1ddd6ae7af2e1884c5349e0585a50278306bb96d88591feab15512631724a	b0e1ddd6ae7af2e1884c5349e0585a50278306bb96d88591feab15512631724a	1	1	1	1	1	1
clic-validation-040	compact	6948508	6948508	7128046	b3f8bee475bc7f472b011a25fc6669faff18a40e0e71451f4c83cee28ac7e08f	b3f8bee475bc7f472b011a25fc6669faff18a40e0e71451f4c83cee28ac7e08f	93db0866e5b7edb25744024fa350887adba20a379f557d65920a71879ab7c45a	1	0	0	1	1	1
clic-validation-040	low-latency	7112000	7112000	6854996	ab430c2bdacf13372465c6c10d6ce5b5edcca0b45104b79cdc9d4feeb676e483	ab430c2bdacf13372465c6c10d6ce5b5edcca0b45104b79cdc9d4feeb676e483	8dcd862cf4023d20a05ff3d2a87c80d753d171291d709747c0425a818fc10843	1	0	0	1	1	1
clic-validation-041	default	8610668	8610668	8610668	576e1e1d364af8c7a11324f95b0fb0206d7b249d0db9f465d38ff8d3debc07c4	576e1e1d364af8c7a11324f95b0fb0206d7b249d0db9f465d38ff8d3debc07c4	576e1e1d364af8c7a11324f95b0fb0206d7b249d0db9f465d38ff8d3debc07c4	1	1	1	1	1	1
clic-validation-041	compact	8085038	8085038	8232052	0fa2936e97842dc5f1a52a5fd9a584fe2a1d4ec916759a65e5cb291bec510a0d	0fa2936e97842dc5f1a52a5fd9a584fe2a1d4ec916759a65e5cb291bec510a0d	64fda4df3632a44df7d677303c374c9235c7b57538e0ea43f5ec9d3dbbd0d1a6	1	0	0	1	1	1
clic-validation-041	low-latency	8245686	8245686	8377402	b5120749ca3631f1414138912345173fb1827655950fce92a9ce8beb4933112e	b5120749ca3631f1414138912345173fb1827655950fce92a9ce8beb4933112e	2a2edff6485c83e9fc6c6d69d8e6178982f02e4c22c1e6f1814527e03576b5c1	1	0	0	1	1	1
clic-validation-042	default	8454476	8454476	8454476	fef8952fb17c46d438aafaa4aa2f6b6e760757cea15feeb78c760afd4ab7f685	fef8952fb17c46d438aafaa4aa2f6b6e760757cea15feeb78c760afd4ab7f685	fef8952fb17c46d438aafaa4aa2f6b6e760757cea15feeb78c760afd4ab7f685	1	1	1	1	1	1
clic-validation-042	compact	8347186	8347186	8529322	591e2e61272510187b40bc7e123c0dd8943ebec404f77c565bd95d6cdc9444ed	591e2e61272510187b40bc7e123c0dd8943ebec404f77c565bd95d6cdc9444ed	73fb259de81f0d55fb789fb1e66c890bce94e6423f0fb2a4209fa5ec0245e6b7	1	0	0	1	1	1
clic-validation-042	low-latency	8621620	8621620	8706408	1f71eb74dee665a487313cc16da1f3b8fa32d343a19db350a1fab01c52ab2b45	1f71eb74dee665a487313cc16da1f3b8fa32d343a19db350a1fab01c52ab2b45	08c552d5f46bb5c12887bd6f4fbb706707da1009666fa24a7b29486a948eddf5	1	0	0	1	1	1
clic-validation-043	default	8701170	8701170	8701170	a987d33b39d589b7ffc1899bf67d2e8871a289186a31e9c8064b5d99889b0718	a987d33b39d589b7ffc1899bf67d2e8871a289186a31e9c8064b5d99889b0718	a987d33b39d589b7ffc1899bf67d2e8871a289186a31e9c8064b5d99889b0718	1	1	1	1	1	1
clic-validation-043	compact	7924562	7924562	7908992	f2c97c93bb556a74941c925de22dc38ffa4778a75eb779b604b27c6132285e92	f2c97c93bb556a74941c925de22dc38ffa4778a75eb779b604b27c6132285e92	16b2d5b13e2882fc8d6ba5db0c26f709cfbf97e8d0b60a77397d30bba033834a	1	0	0	1	1	1
clic-validation-043	low-latency	8110152	8110152	8125060	1c09da2e4abfaf3b66e8abc35b2386a21af3467a7127720e59db02f22b4f5f3a	1c09da2e4abfaf3b66e8abc35b2386a21af3467a7127720e59db02f22b4f5f3a	d3ffdb1bd65d762164d911d74046df662e2bcd2b2c5a12a795b1add627530153	1	0	0	1	1	1
clic-validation-044	default	8235844	8235844	8235844	581f9b523d29e0c62f0523bfc025cc1941f95a8d7e8e477a3a2274b7d286d911	581f9b523d29e0c62f0523bfc025cc1941f95a8d7e8e477a3a2274b7d286d911	581f9b523d29e0c62f0523bfc025cc1941f95a8d7e8e477a3a2274b7d286d911	1	1	1	1	1	1
clic-validation-044	compact	7873888	7873888	7805958	92d8390e82fe29fc5f532ec7c6dacbc9cc179c0b11930bff794a5b557f05cf38	92d8390e82fe29fc5f532ec7c6dacbc9cc179c0b11930bff794a5b557f05cf38	727b01d53ec6ee6a824b533ef7ae43d5d33807abba63db3fdaa721b537383e9f	1	0	0	1	1	1
clic-validation-044	low-latency	8131272	8131272	7889852	9a651f7df2f7019e665bbd994c714c2cfd59f008c29c824321a78a47464cdb06	9a651f7df2f7019e665bbd994c714c2cfd59f008c29c824321a78a47464cdb06	a39add17a687635b95e1889906d09e6ec1617ec40434adbf7c35266b0e786214	1	0	0	1	1	1
clic-validation-045	default	8371812	8371812	8371812	9ac0fdc08d9a17d6133f96c6130b75faf95ef21bf4c3a2ceac0b14b1999f003f	9ac0fdc08d9a17d6133f96c6130b75faf95ef21bf4c3a2ceac0b14b1999f003f	9ac0fdc08d9a17d6133f96c6130b75faf95ef21bf4c3a2ceac0b14b1999f003f	1	1	1	1	1	1
clic-validation-045	compact	7900172	7900172	7839302	a7927cb372a72533c80a8abfd83c108a98ce5e6eefdb336b9e2a49aee3a7592b	a7927cb372a72533c80a8abfd83c108a98ce5e6eefdb336b9e2a49aee3a7592b	79c405ceb5ea26feb669ecacc42900fc93b6d18cec36d2234fd1b915b9aeeed5	1	0	0	1	1	1
clic-validation-045	low-latency	8110572	8110572	8004902	982f8bf8ec41aff130372028b1127a08f395be64e1de4763b85b24361a436a06	982f8bf8ec41aff130372028b1127a08f395be64e1de4763b85b24361a436a06	72872ff2fd4b478d1dad7694258fbf50c540d55db72b8440cbe24288d5588a3d	1	0	0	1	1	1
clic-validation-046	default	8322816	8322816	8322816	17b1f4c8bbdeafd642925447f86ef6c82cc5b4105f1b3dc6c7b2ffca42b6234c	17b1f4c8bbdeafd642925447f86ef6c82cc5b4105f1b3dc6c7b2ffca42b6234c	17b1f4c8bbdeafd642925447f86ef6c82cc5b4105f1b3dc6c7b2ffca42b6234c	1	1	1	1	1	1
clic-validation-046	compact	7848400	7848400	7957284	7b92da631d8fc73bdee92fe721f56608232d0c156cfefce435f7891d0f73aded	7b92da631d8fc73bdee92fe721f56608232d0c156cfefce435f7891d0f73aded	b430c641969115fbc3b11d311028ca1893c7d59f10e455642a5ffdc05e882133	1	0	0	1	1	1
clic-validation-046	low-latency	7954172	7954172	8111284	7b78272878f45f6b4ffd0beba7bdec428c72efe36ec5a05b49f68d9be43caed1	7b78272878f45f6b4ffd0beba7bdec428c72efe36ec5a05b49f68d9be43caed1	010a3ad517e7ea1a620ec7563b3053d231d8b90cc84a77548fe06d81cd610b79	1	0	0	1	1	1
clic-validation-047	default	8190702	8190702	8190702	4504f08fbd3d336bf14ea6542230d9a224ccb3743f48c493479a242b9a260df8	4504f08fbd3d336bf14ea6542230d9a224ccb3743f48c493479a242b9a260df8	4504f08fbd3d336bf14ea6542230d9a224ccb3743f48c493479a242b9a260df8	1	1	1	1	1	1
clic-validation-047	compact	7957054	7957054	8003456	724204bd1d060a9c2d79b66e733f8c5422058d1e3987d7ab8a2c007fcd7bb40b	724204bd1d060a9c2d79b66e733f8c5422058d1e3987d7ab8a2c007fcd7bb40b	c03fc73eddca61ba0b8a7801e7f1e4e9a66408a731ebbe488fd538d584a035c9	1	0	0	1	1	1
clic-validation-047	low-latency	8191412	8191412	8336850	ac7cb67377c152e5cda800fc2417c9cb15fdd45deb95fd04e01e2299ae1c1672	ac7cb67377c152e5cda800fc2417c9cb15fdd45deb95fd04e01e2299ae1c1672	664d7f5b2705aab0ab56f32a1f24c42c702f4ffa0334f245da5b9d0c7d880a75	1	0	0	1	1	1
clic-validation-048	default	8200010	8200010	8200010	3870a50c007fd47747b7b8c5d42e2f7653b7cc894e4598633ec2f0871e25303d	3870a50c007fd47747b7b8c5d42e2f7653b7cc894e4598633ec2f0871e25303d	3870a50c007fd47747b7b8c5d42e2f7653b7cc894e4598633ec2f0871e25303d	1	1	1	1	1	1
clic-validation-048	compact	7906474	7906474	7934016	a98f0dc8131b35604ddff46bf2870c539fa8525b7f21c531fd0802ec5fb309bc	a98f0dc8131b35604ddff46bf2870c539fa8525b7f21c531fd0802ec5fb309bc	87ee519e11ae6071daf22fff154fafd7888f85864d0d8757344ec09e6e550d04	1	0	0	1	1	1
clic-validation-048	low-latency	7848440	7848440	7706398	b581a8de37cb9090ff41ce5c3ccd7cc083589c63994676b7f54e2002b6d2c8d9	b581a8de37cb9090ff41ce5c3ccd7cc083589c63994676b7f54e2002b6d2c8d9	efd213322756d795a87d091657de4147bf4811927898e7cf6e23a369506db9cd	1	0	0	1	1	1
clic-validation-049	default	8104132	8104132	8104132	3bb10212176cae7ad4974e12a3b90a86812d8c87deb7290c2700817c94d95feb	3bb10212176cae7ad4974e12a3b90a86812d8c87deb7290c2700817c94d95feb	3bb10212176cae7ad4974e12a3b90a86812d8c87deb7290c2700817c94d95feb	1	1	1	1	1	1
clic-validation-049	compact	7822290	7822290	7977694	77829f6475232cefa20c5e14894cabaa507d1da224478e27a83cf389bbe1791e	77829f6475232cefa20c5e14894cabaa507d1da224478e27a83cf389bbe1791e	d79bc82c04088b4faff944307e5332507c776563b284198cb5175ac1ee33365b	1	0	0	1	1	1
clic-validation-049	low-latency	8108738	8108738	8012588	5b22eb8fd04e4be95385c9b5383ad3cce152bae112f6f0ee13d3599f02243395	5b22eb8fd04e4be95385c9b5383ad3cce152bae112f6f0ee13d3599f02243395	c296ac1bbf93086d9b5665be0505ce93796a7ca0cf0424c5bd7e6074e9b83412	1	0	0	1	1	1
clic-validation-050	default	8183580	8183580	8183580	932089eb843c947360637be79cc0e01236b5088f541631ef17c921cf8ee9b211	932089eb843c947360637be79cc0e01236b5088f541631ef17c921cf8ee9b211	932089eb843c947360637be79cc0e01236b5088f541631ef17c921cf8ee9b211	1	1	1	1	1	1
clic-validation-050	compact	7378716	7378716	7383434	339be2134e19fe0eab49da973e1dafdafd39093a3d53cfa63bb65ae9680e0357	339be2134e19fe0eab49da973e1dafdafd39093a3d53cfa63bb65ae9680e0357	be5cd235209567d8ee1c365e5fa5e25ea8e24bc0e39894bc32921b2710308431	1	0	0	1	1	1
clic-validation-050	low-latency	7478216	7478216	7433674	c7539b145d620580c55c6a54cb93b8f237040ee1627fd1740a774750c483fe5e	c7539b145d620580c55c6a54cb93b8f237040ee1627fd1740a774750c483fe5e	997d98c95bc46d46528d4347f030b1a37055ec16044adfb7c965d7b47c6d03e3	1	0	0	1	1	1
clic-validation-051	default	9078640	9078640	9078640	301b06c8d7aae07824a2551ad3f1ccf5515984d6cd1b3476060154327624bdc9	301b06c8d7aae07824a2551ad3f1ccf5515984d6cd1b3476060154327624bdc9	301b06c8d7aae07824a2551ad3f1ccf5515984d6cd1b3476060154327624bdc9	1	1	1	1	1	1
clic-validation-051	compact	8580442	8580442	8606886	3361edaba173d32dc168550d586b1b8de908976676beb53b1b10019672ad2903	3361edaba173d32dc168550d586b1b8de908976676beb53b1b10019672ad2903	c4391e0850baf48ac38c7d897b78befb935b1a3f265d80ff57adfc02b1191107	1	0	0	1	1	1
clic-validation-051	low-latency	8648696	8648696	8610214	8a64263b99b88443bb3d627582339ae7bd9862063dff431808c562ab9e0e2612	8a64263b99b88443bb3d627582339ae7bd9862063dff431808c562ab9e0e2612	9a22f3189b57e683cb2849000be4eb41e3c51c09e225abcf9fc3649069267408	1	0	0	1	1	1
clic-validation-052	default	8271928	8271928	8271928	983ef53a72df9aca66510be1ef9f76b53c62be8c399629ee6d93f5c9e6a25fe3	983ef53a72df9aca66510be1ef9f76b53c62be8c399629ee6d93f5c9e6a25fe3	983ef53a72df9aca66510be1ef9f76b53c62be8c399629ee6d93f5c9e6a25fe3	1	1	1	1	1	1
clic-validation-052	compact	7718096	7718096	7794866	e6c748b45bbe3ff8eea9178e87915d607b1a8be1f413e14e356ba334ae9d0dc9	e6c748b45bbe3ff8eea9178e87915d607b1a8be1f413e14e356ba334ae9d0dc9	774aec0af303b997eafa70cecb3a27066f085e79918c0676c1d8babc2af9203b	1	0	0	1	1	1
clic-validation-052	low-latency	7997574	7997574	7922894	2ff728c105797dd90f81160076e6ffa544d0a4a50cf0438d2414025d78cc18b4	2ff728c105797dd90f81160076e6ffa544d0a4a50cf0438d2414025d78cc18b4	507fce50b826147a68292aaeafef963d9a76076dea3266476b6e92c8dd467357	1	0	0	1	1	1
clic-validation-053	default	7923438	7923438	7923438	5bfd340fe99e9bf875fb4287e3c0f6c21aa23838fbcc2a6e73f0bbf6aea70c8a	5bfd340fe99e9bf875fb4287e3c0f6c21aa23838fbcc2a6e73f0bbf6aea70c8a	5bfd340fe99e9bf875fb4287e3c0f6c21aa23838fbcc2a6e73f0bbf6aea70c8a	1	1	1	1	1	1
clic-validation-053	compact	7672802	7672802	7632642	c16f2c030265a82bee70225715f6398ebb10c347e2fc78d90fd9d108a5f21b4d	c16f2c030265a82bee70225715f6398ebb10c347e2fc78d90fd9d108a5f21b4d	eeb1ca39059d307e475997a510c3ecb6ba3c9d669acc1befa7071b6c9b370296	1	0	0	1	1	1
clic-validation-053	low-latency	7683910	7683910	7729532	3fad61e8cb4d05a3b314fb55116d7aed7c3624bd571816d26bfb2461f257dda8	3fad61e8cb4d05a3b314fb55116d7aed7c3624bd571816d26bfb2461f257dda8	dda4b1a60f67715fbd88c68cc4ebb949b266aa7ecb9499100419fc2c6371e623	1	0	0	1	1	1
clic-validation-054	default	7051680	7051680	7051680	b77494571db5d213987d64eb957c72dee63b4530a3a12a0dca6c30381655ec45	b77494571db5d213987d64eb957c72dee63b4530a3a12a0dca6c30381655ec45	b77494571db5d213987d64eb957c72dee63b4530a3a12a0dca6c30381655ec45	1	1	1	1	1	1
clic-validation-054	compact	7105098	7105098	7110202	0f5a0259a98e3c1e5b201788aae3afe47662551706ee1bcf90f796fd42b50ae3	0f5a0259a98e3c1e5b201788aae3afe47662551706ee1bcf90f796fd42b50ae3	e2d4821737ac8d756a1f8443c343f7776500f74001829946ead0428bf366e450	1	0	0	1	1	1
clic-validation-054	low-latency	7334782	7334782	7218298	3bf9de8ec5fb03d20d9efa4800f8016ae1dc02be604d9e32f6835b2e863f8ae7	3bf9de8ec5fb03d20d9efa4800f8016ae1dc02be604d9e32f6835b2e863f8ae7	d04d569dba46dfdb42f6345b473ab9cc45fd0a6408eb9c222b70f3b36fc50536	1	0	0	1	1	1
clic-validation-055	default	7611432	7611432	7611432	d7233b3eee9951eb41b8fbc859f58f61753dcd6fd5a437a7c44509ee65b53ee3	d7233b3eee9951eb41b8fbc859f58f61753dcd6fd5a437a7c44509ee65b53ee3	d7233b3eee9951eb41b8fbc859f58f61753dcd6fd5a437a7c44509ee65b53ee3	1	1	1	1	1	1
clic-validation-055	compact	7806344	7806344	7643716	d354479c640fcca42fc479d586bcb662b3b953a6044cb9407c6c4321246fe31f	d354479c640fcca42fc479d586bcb662b3b953a6044cb9407c6c4321246fe31f	b8ac62e4733c70c32bd608579cf6a2d7f836b1cdd65e57fa51aee88b7cc12f47	1	0	0	1	1	1
clic-validation-055	low-latency	7568426	7568426	7711228	ca33e81d96c4fe8b1dc19fe96ca9136f6b830c61deb81c16bad5bcb52299b774	ca33e81d96c4fe8b1dc19fe96ca9136f6b830c61deb81c16bad5bcb52299b774	fe3ddbdd253d6dee7ef7f11a41eae9ac1c8aabccb2e1f0a1443aaedf4e7c80e9	1	0	0	1	1	1
clic-validation-056	default	5822720	5822720	5822720	bf65c1cefc03fb92abf5127002865a1a7bd88cf18747e866667cc727ea23000e	bf65c1cefc03fb92abf5127002865a1a7bd88cf18747e866667cc727ea23000e	bf65c1cefc03fb92abf5127002865a1a7bd88cf18747e866667cc727ea23000e	1	1	1	1	1	1
clic-validation-056	compact	5090268	5090268	5053444	3dfe6bd3c28eb775766bd3a88a08a1e6896144ab7bd213134d2dff7a93a39b20	3dfe6bd3c28eb775766bd3a88a08a1e6896144ab7bd213134d2dff7a93a39b20	cb85ab04d46003e50ce2033654713f230989a487ec5017a7ad7452e804bcaad3	1	0	0	1	1	1
clic-validation-056	low-latency	5167842	5167842	5142466	5a5a5417029ffa6d2ee56a5c1d274ff542c142a818f1ba82c10bc9c9da86b865	5a5a5417029ffa6d2ee56a5c1d274ff542c142a818f1ba82c10bc9c9da86b865	c7bf6199204b71d32a146bd085de614b549264acee674087ad2ac0a36a9ab563	1	0	0	1	1	1
clic-validation-057	default	5630838	5630838	5630838	b53ecc3292e3a0a486f305d3068bf4376dcb48c121de03442e5da6f843f6f2b6	b53ecc3292e3a0a486f305d3068bf4376dcb48c121de03442e5da6f843f6f2b6	b53ecc3292e3a0a486f305d3068bf4376dcb48c121de03442e5da6f843f6f2b6	1	1	1	1	1	1
clic-validation-057	compact	5021628	5021628	5114842	5709144776ada3f6d59083235f64f2cb3ba77e852afdd707dbebb88b413bff5c	5709144776ada3f6d59083235f64f2cb3ba77e852afdd707dbebb88b413bff5c	afbbcb478b15382c62b51f8471e58a00888eafe2cb6a42520a96de2a4708f03d	1	0	0	1	1	1
clic-validation-057	low-latency	5152288	5152288	5144676	30fa80b6913286af6e2a7546844ed2278f9d6a49d558707922c69ed86eefc9b4	30fa80b6913286af6e2a7546844ed2278f9d6a49d558707922c69ed86eefc9b4	5a64ffa200625e85d84283536967941bc6f7f6ba221d84977f4fb2f7f2620414	1	0	0	1	1	1
clic-validation-058	default	4540842	4540842	4540842	2694c8ee4a3873c8f96276e23801ed89b0a80aed0693cfcfa1c396d04f865ff3	2694c8ee4a3873c8f96276e23801ed89b0a80aed0693cfcfa1c396d04f865ff3	2694c8ee4a3873c8f96276e23801ed89b0a80aed0693cfcfa1c396d04f865ff3	1	1	1	1	1	1
clic-validation-058	compact	4943622	4943622	5037634	8092d26c74a4d6c8261eee2b2457c982fe171ffc999c3f47a79b2768ec317d0c	8092d26c74a4d6c8261eee2b2457c982fe171ffc999c3f47a79b2768ec317d0c	b469ca3b8a882ac7b32c6afa9655f9bf8985142c5a4157625f053a648e47209a	1	0	0	1	1	1
clic-validation-058	low-latency	4935030	4935030	5010492	929fd78114da9726d73faf45170b2b5e97a99d20b48ef9561590d0cb8dbb5d86	929fd78114da9726d73faf45170b2b5e97a99d20b48ef9561590d0cb8dbb5d86	3a64091bdefcf9af84a9f74f64fbcaefa889b5d6689c41250d80d777df1f3a6c	1	0	0	1	1	1
clic-validation-059	default	4391286	4391286	4391286	2bc2ab68977f66f6812fe826223b4becf2b70b35bc0540769d052b74fd3428a0	2bc2ab68977f66f6812fe826223b4becf2b70b35bc0540769d052b74fd3428a0	2bc2ab68977f66f6812fe826223b4becf2b70b35bc0540769d052b74fd3428a0	1	1	1	1	1	1
clic-validation-059	compact	3595402	3595402	3538988	110dd4e8f5c88c70116e628da01de9480b08a5aac9e94c6be188a82a0aa9f115	110dd4e8f5c88c70116e628da01de9480b08a5aac9e94c6be188a82a0aa9f115	0138b9bf087f3e5cabe8f7863521ed03178955c4436e96bceb928859e8698138	1	0	0	1	1	1
clic-validation-059	low-latency	3675422	3675422	3602966	0142a4b5ac61a9531adcefd101314f727f7e05354045c6b81bf7f02f40eb0307	0142a4b5ac61a9531adcefd101314f727f7e05354045c6b81bf7f02f40eb0307	7102c0674dc33ab2088cb5fdeab892bb0174965760c57a0901afd796e163b408	1	0	0	1	1	1
clic-validation-060	default	5711044	5711044	5711044	ad1afb0859f9f859d6eb98b6e547abf9e8219ed4901fca7bc688533a7c2f5f84	ad1afb0859f9f859d6eb98b6e547abf9e8219ed4901fca7bc688533a7c2f5f84	ad1afb0859f9f859d6eb98b6e547abf9e8219ed4901fca7bc688533a7c2f5f84	1	1	1	1	1	1
clic-validation-060	compact	4515910	4515910	4525912	5317e858aaba8987d98cfa95fdba21017272180aef84fc49556775c948bfb3a3	5317e858aaba8987d98cfa95fdba21017272180aef84fc49556775c948bfb3a3	a0ef1544d3de5b459f9759de4f5bc5f7a4c3dd4bfbc11addd43f1a262764af7e	1	0	0	1	1	1
clic-validation-060	low-latency	4575774	4575774	4501378	bc294d6819b9c9448c5c2df26221c31b2126e3d3be7a85e31a6d4b9507a6ca77	bc294d6819b9c9448c5c2df26221c31b2126e3d3be7a85e31a6d4b9507a6ca77	2e729cc9cf0e534e96c75e81c96e32fe0d9810eab37e8240ae23433bc4251eaa	1	0	0	1	1	1
clic-validation-061	default	8261616	8261616	8261616	b40df26ae12067a225ff628387516f0b1e3cc415bf4cacc36da08ba3d90a97bb	b40df26ae12067a225ff628387516f0b1e3cc415bf4cacc36da08ba3d90a97bb	b40df26ae12067a225ff628387516f0b1e3cc415bf4cacc36da08ba3d90a97bb	1	1	1	1	1	1
clic-validation-061	compact	7438600	7438600	7455652	82aa546c05a19086ec5163baa8597df66cc2fa847e808a192b20fe09cd86ddc5	82aa546c05a19086ec5163baa8597df66cc2fa847e808a192b20fe09cd86ddc5	deaa496ba7503ffd2045eff614fe351dbae9798f081e4d43d8e532b4e21af6bf	1	0	0	1	1	1
clic-validation-061	low-latency	7429254	7429254	7494744	bad5072c1d9120e0bc195d49b258329be16bf613ccf7f7ca62c1df9c3dc9c66f	bad5072c1d9120e0bc195d49b258329be16bf613ccf7f7ca62c1df9c3dc9c66f	f39947a3350fa6370320912ac46f7b9ace0ae2b50648e2aad28c586da5ed5937	1	0	0	1	1	1
clic-validation-062	default	7067762	7067762	7067762	4b9f801b3805e7649f31bd4acc31ef3c7e5f715c21f48723bff6a07d6325fb76	4b9f801b3805e7649f31bd4acc31ef3c7e5f715c21f48723bff6a07d6325fb76	4b9f801b3805e7649f31bd4acc31ef3c7e5f715c21f48723bff6a07d6325fb76	1	1	1	1	1	1
clic-validation-062	compact	6121602	6121602	6154424	ff116d4cade943cdedaad0f62367bddf3d7a1ff1ac88c1e629ae5880c8fc01b8	ff116d4cade943cdedaad0f62367bddf3d7a1ff1ac88c1e629ae5880c8fc01b8	c9bad78daa2dd8d4c8df99f518baa1dce45966f989ae5b3d09bb18880250b24e	1	0	0	1	1	1
clic-validation-062	low-latency	6162162	6162162	6251084	cd3bb3f00cd055a012bcd6f9875b280f33d3dd6e458546b1e5312ec4334b4f0c	cd3bb3f00cd055a012bcd6f9875b280f33d3dd6e458546b1e5312ec4334b4f0c	7254c5731f0a25eac1f617f2e1e9ac745e657674f527b52ebece4e9ce4043c04	1	0	0	1	1	1
clic-validation-063	default	6939672	6939672	6939672	3cff360edfb9e47e35bd4e86317885f50d7257d8a662e0ed2ab1ed833404b28a	3cff360edfb9e47e35bd4e86317885f50d7257d8a662e0ed2ab1ed833404b28a	3cff360edfb9e47e35bd4e86317885f50d7257d8a662e0ed2ab1ed833404b28a	1	1	1	1	1	1
clic-validation-063	compact	6445414	6445414	6470828	532420b88ad35f5140c96651993cf351bba93e0847f7ce57104ff890c0d35a4c	532420b88ad35f5140c96651993cf351bba93e0847f7ce57104ff890c0d35a4c	1d32b5b14caddafea9df06c0fa0d8d03d6388f8f1865ffa979c6c64130742650	1	0	0	1	1	1
clic-validation-063	low-latency	6534318	6534318	6522036	a0d1176996f1030112e49675e2f114a9f8a16ae692c58b1e56513bf4e98b2f02	a0d1176996f1030112e49675e2f114a9f8a16ae692c58b1e56513bf4e98b2f02	49a74412e1a9cb29cf92dea79b4f0c0deb23e517171d48c55e79a7005db0a498	1	0	0	1	1	1
clic-validation-064	default	8139084	8139084	8139084	37015cde9c6f365c1fd266684fa83c31c2f9bf59fc354071e49c5d5cef43fda1	37015cde9c6f365c1fd266684fa83c31c2f9bf59fc354071e49c5d5cef43fda1	37015cde9c6f365c1fd266684fa83c31c2f9bf59fc354071e49c5d5cef43fda1	1	1	1	1	1	1
clic-validation-064	compact	7719328	7719328	7755540	39b490c86ab7b7edfa6ad5a3fcf7f92bb992b2eaf141ef6204e707b338176c40	39b490c86ab7b7edfa6ad5a3fcf7f92bb992b2eaf141ef6204e707b338176c40	799f649b29f71289d289442cee1110b8251c9093f3984fa0387c03c95d2c4fb7	1	0	0	1	1	1
clic-validation-064	low-latency	7878280	7878280	7920004	9745bd44dbe3cca76db9cea793f81f38d1352a3f59568d4553f9bcfa85c0f7a8	9745bd44dbe3cca76db9cea793f81f38d1352a3f59568d4553f9bcfa85c0f7a8	c31bf19ec0665f3a150fa7607e5ee388ae376c1684a85dbdb4a0b1c32c88fee3	1	0	0	1	1	1
clic-validation-065	default	7397698	7397698	7397698	ff6dc4791ab132c034c957011b73050e0c40be255f4e4df82f7033e82ea16854	ff6dc4791ab132c034c957011b73050e0c40be255f4e4df82f7033e82ea16854	ff6dc4791ab132c034c957011b73050e0c40be255f4e4df82f7033e82ea16854	1	1	1	1	1	1
clic-validation-065	compact	6898214	6898214	6932094	982529dcc37d3fbf421a78d42b13c306f4d891454e79a6366ed00a94a4dca124	982529dcc37d3fbf421a78d42b13c306f4d891454e79a6366ed00a94a4dca124	4103a2e6228f5d8b166103656bf8982e0870e0c2c298ab153f73a8e408a1a3e9	1	0	0	1	1	1
clic-validation-065	low-latency	6856728	6856728	6954310	502fc56998996b46fc3230e255c6a382858e8be4bb1dfd0876b0bf5e1be96ad9	502fc56998996b46fc3230e255c6a382858e8be4bb1dfd0876b0bf5e1be96ad9	ec1f82d58ac0857119c96be365dcd7b7f5ea4bbdad8fd333bfa54782f1d7310f	1	0	0	1	1	1
clic-validation-066	default	3955136	3955136	3955136	84646f6505f960ae35fad1714ca1d4b3bb3401fce7a66f2c8471ecf8f8a311e8	84646f6505f960ae35fad1714ca1d4b3bb3401fce7a66f2c8471ecf8f8a311e8	84646f6505f960ae35fad1714ca1d4b3bb3401fce7a66f2c8471ecf8f8a311e8	1	1	1	1	1	1
clic-validation-066	compact	3437954	3437954	3600472	c5b4357f1d72c6d9047ec43fbff04353b2ea306fe820edab547199a0dfdae029	c5b4357f1d72c6d9047ec43fbff04353b2ea306fe820edab547199a0dfdae029	33abf7eadb554e686548b239f5cdda4ea0ba0a0c609a93f7b589d285ef27a67c	1	0	0	1	1	1
clic-validation-066	low-latency	3463560	3463560	3627208	15aa10f5e55f9bb71896839acdb05627bdc3a6dda23a2c87fa0742880c0ac63a	15aa10f5e55f9bb71896839acdb05627bdc3a6dda23a2c87fa0742880c0ac63a	1aa640fb1c69cd957905b5a993c3dca72ceef2d0d4fa4c1d0d90f22e36c3df14	1	0	0	1	1	1
clic-validation-067	default	8213958	8213958	8213958	b6300d119c86ef3e296a9cc109d7ae1494899a4473885eb48840d36a88f45ebd	b6300d119c86ef3e296a9cc109d7ae1494899a4473885eb48840d36a88f45ebd	b6300d119c86ef3e296a9cc109d7ae1494899a4473885eb48840d36a88f45ebd	1	1	1	1	1	1
clic-validation-067	compact	7149540	7149540	7178612	c732ba8ac460b43e499a54f4a156e5a1a0b38d8f9316f20ccac1c7b3d77534d1	c732ba8ac460b43e499a54f4a156e5a1a0b38d8f9316f20ccac1c7b3d77534d1	e2153362800026944b0d56c99b0abafbefe916b510b5e0497230884f570df47d	1	0	0	1	1	1
clic-validation-067	low-latency	7399782	7399782	7278776	5598f4cf899d62e7c7aa29b3dd1ed5881cd6a2d42f356084ebc00033cb9774c0	5598f4cf899d62e7c7aa29b3dd1ed5881cd6a2d42f356084ebc00033cb9774c0	6fc1314ec6d598b877792f6361c9d4e7bc629ca153382d608bcbbb61752dc333	1	0	0	1	1	1
clic-validation-068	default	7730040	7730040	7730040	db74e61c8038990a1bb58e528756bc9238c4b756486aedecd596adfea02d0d32	db74e61c8038990a1bb58e528756bc9238c4b756486aedecd596adfea02d0d32	db74e61c8038990a1bb58e528756bc9238c4b756486aedecd596adfea02d0d32	1	1	1	1	1	1
clic-validation-068	compact	7005466	7005466	7165588	600ba60ef757df7e32b924d7665130d69072de148b38686a03949f990eea4e76	600ba60ef757df7e32b924d7665130d69072de148b38686a03949f990eea4e76	3dcac4bff6fc90821382b2d24cef0bef8c55c2b82eac9f6c67c6093f490bdaa7	1	0	0	1	1	1
clic-validation-068	low-latency	7198452	7198452	7176710	6d31d6f2a6c2037c7361a833a022ce7084d105059495cf27be26a22500524eba	6d31d6f2a6c2037c7361a833a022ce7084d105059495cf27be26a22500524eba	75a39b7d5c494e6aaf5736b836bf7629459ba45d66d250f54a60aef6c47aedb1	1	0	0	1	1	1
clic-validation-069	default	7380496	7380496	7380496	6b725e67fa4aa282044e6bd4ac28091bd12649456496e9e4830bff89db43a4fb	6b725e67fa4aa282044e6bd4ac28091bd12649456496e9e4830bff89db43a4fb	6b725e67fa4aa282044e6bd4ac28091bd12649456496e9e4830bff89db43a4fb	1	1	1	1	1	1
clic-validation-069	compact	6211560	6211560	6079748	fd153857b1c25653797770c9e1be37967676ed99565c28112137b798cce3816f	fd153857b1c25653797770c9e1be37967676ed99565c28112137b798cce3816f	4ff50c27cd9b5cd719cec2cd89e06b126583f0c863f11e92d530a2bb2b044a4e	1	0	0	1	1	1
clic-validation-069	low-latency	6218740	6218740	6283630	0f57fdfb35de92147ca2697e4df5b8a9160a0a618e4d9cf279fb9d1401ff2de1	0f57fdfb35de92147ca2697e4df5b8a9160a0a618e4d9cf279fb9d1401ff2de1	5f63b7ab26df9b771c4e3d9f4957595c0667d92e319aa6a7ebf4d7a269b5958d	1	0	0	1	1	1
clic-validation-070	default	8045444	8045444	8045444	6e883a6babd1742444ab4ec5083562bdc88a3a088f1a360181bab8588af33f2d	6e883a6babd1742444ab4ec5083562bdc88a3a088f1a360181bab8588af33f2d	6e883a6babd1742444ab4ec5083562bdc88a3a088f1a360181bab8588af33f2d	1	1	1	1	1	1
clic-validation-070	compact	7163008	7163008	7087560	0be3e07faa63070a4ed857103f398bf3b7c9ee8d8d2a438fb112404914932c66	0be3e07faa63070a4ed857103f398bf3b7c9ee8d8d2a438fb112404914932c66	9645bb8cd415ebdbb2f2b41aeed046c55b948ca416b1731891cbc742df3627de	1	0	0	1	1	1
clic-validation-070	low-latency	7230868	7230868	7183898	b18ef974d4907998df8a6bcb96f9fbf9a6a33f0c75dc8779e569c8898568ce4d	b18ef974d4907998df8a6bcb96f9fbf9a6a33f0c75dc8779e569c8898568ce4d	142a377f6b17e1045c79fb93fd615a857dd1ba30ecc65833a3a70b6ae4043aae	1	0	0	1	1	1
clic-validation-071	default	3617998	3617998	3617998	0f98dbbe8a4c4d0df631491fe71cc5839a2b75a0988b8c59b7ff107888da7b06	0f98dbbe8a4c4d0df631491fe71cc5839a2b75a0988b8c59b7ff107888da7b06	0f98dbbe8a4c4d0df631491fe71cc5839a2b75a0988b8c59b7ff107888da7b06	1	1	1	1	1	1
clic-validation-071	compact	3221288	3221288	3235748	c90b807056c86c2eb257c4c72587dda4183def95fb71a34d66cc76ff4c03bb51	c90b807056c86c2eb257c4c72587dda4183def95fb71a34d66cc76ff4c03bb51	307f1e0dd6bfaef74dc3b2e92dfb67b600396ffab24d879871786c3455ca1809	1	0	0	1	1	1
clic-validation-071	low-latency	3213510	3213510	3177996	2f97f2bdfdb07924e4ec81e3c4a9a94e40e40f2734d59590496e4598bd431ccb	2f97f2bdfdb07924e4ec81e3c4a9a94e40e40f2734d59590496e4598bd431ccb	08f3c8de38ade46e4515dcbbcbff93db43c41204759423ca312d6844d7827dc6	1	0	0	1	1	1
clic-validation-072	default	6453320	6453320	6453320	26a01b9e3335b8e593c2b02730bbc2ea55c0960f0289cc64d8fb87e82a742cbd	26a01b9e3335b8e593c2b02730bbc2ea55c0960f0289cc64d8fb87e82a742cbd	26a01b9e3335b8e593c2b02730bbc2ea55c0960f0289cc64d8fb87e82a742cbd	1	1	1	1	1	1
clic-validation-072	compact	5618140	5618140	5671416	ad70f4986fcf7f1e738f2a61ea7b7d3157ba663b6e2ade4a5df0edf446b36b4f	ad70f4986fcf7f1e738f2a61ea7b7d3157ba663b6e2ade4a5df0edf446b36b4f	6787f580438f6aaa380a0c54a286160a90ff6f9e8d4d1edf41fedcfc92d16f9a	1	0	0	1	1	1
clic-validation-072	low-latency	5704026	5704026	5725958	0fe2da33bd8a4aae7bbbeba932056d46bdad616ef523a52a83d3c457ea97d1c0	0fe2da33bd8a4aae7bbbeba932056d46bdad616ef523a52a83d3c457ea97d1c0	9adee6bfa435335dae0c6fc3259e6dcae7db51cb5df3ce4f2ead4a37593bfd1b	1	0	0	1	1	1
clic-validation-073	default	7312914	7312914	7312914	3f801903e99f849263c74f616082b4cc86aebbae90dd4f54e6873be21c9a30de	3f801903e99f849263c74f616082b4cc86aebbae90dd4f54e6873be21c9a30de	3f801903e99f849263c74f616082b4cc86aebbae90dd4f54e6873be21c9a30de	1	1	1	1	1	1
clic-validation-073	compact	7178514	7178514	7238640	d3f84890482fe15dc8d5d7c9c52a9e02c6ab5b90f9ed123284cbda8bfe391ec1	d3f84890482fe15dc8d5d7c9c52a9e02c6ab5b90f9ed123284cbda8bfe391ec1	58e41d61a2141bde318dd7f666dfddc7cb79ff56650f11feb2bfd2fc99933024	1	0	0	1	1	1
clic-validation-073	low-latency	7211752	7211752	7270974	17ad05463bb64fdd5274abc36614410aa385fcc0378bbc5b7653923cc40c1389	17ad05463bb64fdd5274abc36614410aa385fcc0378bbc5b7653923cc40c1389	5a1d1780d34180297662ea1e02d9bdeb71b108468c23033e45f93d012823660d	1	0	0	1	1	1
clic-validation-074	default	5578360	5578360	5578360	3f8ca6842aa47e248abc3fad6fbd0a63a418d2a2f1a53fc328ec3f6bb0220886	3f8ca6842aa47e248abc3fad6fbd0a63a418d2a2f1a53fc328ec3f6bb0220886	3f8ca6842aa47e248abc3fad6fbd0a63a418d2a2f1a53fc328ec3f6bb0220886	1	1	1	1	1	1
clic-validation-074	compact	5322948	5322948	5374058	702c5214f710b2846088ea4c764a949b49ef37f8869888d6ad74f9546dc31718	702c5214f710b2846088ea4c764a949b49ef37f8869888d6ad74f9546dc31718	0f00dda2fccf4123a3229d9457b52b8f368b507793bf898a05f3abe2c92b5ee0	1	0	0	1	1	1
clic-validation-074	low-latency	5084390	5084390	5465848	5985546b81290ef2032744f34e55f18fc541bbb49229a8a58d7309fae095f23c	5985546b81290ef2032744f34e55f18fc541bbb49229a8a58d7309fae095f23c	1d3fd092249a82bf0d5bcfe30e9454c970d9ae0471073eae5be3304e7408df36	1	0	0	1	1	1
clic-validation-075	default	8171036	8171036	8171036	aa571f98d5e4cb8bada1c05b5725520d5a78d9816d0f86420ebf7e7b4bebf79a	aa571f98d5e4cb8bada1c05b5725520d5a78d9816d0f86420ebf7e7b4bebf79a	aa571f98d5e4cb8bada1c05b5725520d5a78d9816d0f86420ebf7e7b4bebf79a	1	1	1	1	1	1
clic-validation-075	compact	7194564	7194564	7131966	7d58e4c55a8e785baa98401539a458923754a44e80b92cc32f7cc90d6e0ec73c	7d58e4c55a8e785baa98401539a458923754a44e80b92cc32f7cc90d6e0ec73c	d718234cff6a98285a379f8630f96cf3f1ec1d8efd02edc01358e528a5e2ae89	1	0	0	1	1	1
clic-validation-075	low-latency	7239090	7239090	7250804	de8c1f6c830c214ab30252b019d46ccb79dcf0a827e8eea49465b96dd7250392	de8c1f6c830c214ab30252b019d46ccb79dcf0a827e8eea49465b96dd7250392	7b3420c6aed2fe3b7ecc20c3b3d334d323bc0306499f4292a63f285f0d40f53d	1	0	0	1	1	1
clic-validation-076	default	7158978	7158978	7158978	967f886602fbffab5ff1baf0757b03768d5b6b1177ce624df92bcf87942b42f0	967f886602fbffab5ff1baf0757b03768d5b6b1177ce624df92bcf87942b42f0	967f886602fbffab5ff1baf0757b03768d5b6b1177ce624df92bcf87942b42f0	1	1	1	1	1	1
clic-validation-076	compact	6453086	6453086	6439718	cd9142bcffba6695f8a4a71d759b45e8856c7c0c436311bfeef8fa53077ac03c	cd9142bcffba6695f8a4a71d759b45e8856c7c0c436311bfeef8fa53077ac03c	be6cdee476e00ae397d59a5ef62177d5da0c409e3028c4292ddbce09b9319d85	1	0	0	1	1	1
clic-validation-076	low-latency	6423696	6423696	6447798	5962bda28381c32280d2daee34461983bbfb5826a417f21e2d626a80deb003e8	5962bda28381c32280d2daee34461983bbfb5826a417f21e2d626a80deb003e8	9694d227d243859eefe2ad4a7c7a6e6e6183f4bad6749ee3edd24aa57f562ae3	1	0	0	1	1	1
clic-validation-077	default	5588582	5588582	5588582	43aca23bb0b4fb23b6906680c5d4f98304ee7447e3f99184f9181193b778a819	43aca23bb0b4fb23b6906680c5d4f98304ee7447e3f99184f9181193b778a819	43aca23bb0b4fb23b6906680c5d4f98304ee7447e3f99184f9181193b778a819	1	1	1	1	1	1
clic-validation-077	compact	5599902	5599902	5672342	d439eb19387d78a74242bd563290f5db9d26777b599dc414218677b129766d03	d439eb19387d78a74242bd563290f5db9d26777b599dc414218677b129766d03	7fb687488b9b29aa06f0f071f7220ea85f21c06a04b475a3aba5ee54f93dedfb	1	0	0	1	1	1
clic-validation-077	low-latency	5607562	5607562	5685580	79f200cb31853d12abb30715a6a83fbb0373dc8c469e3da0207035512da3133e	79f200cb31853d12abb30715a6a83fbb0373dc8c469e3da0207035512da3133e	af49c7e855f41e972e06641e9cb99579db0b5ae9e3a172c7c1bd60bd0e9c4689	1	0	0	1	1	1
clic-validation-078	default	6526692	6526692	6526692	70f0d7748f1394ef4b9628ed364c39928c24af9675534daf2646fcd93eeace5a	70f0d7748f1394ef4b9628ed364c39928c24af9675534daf2646fcd93eeace5a	70f0d7748f1394ef4b9628ed364c39928c24af9675534daf2646fcd93eeace5a	1	1	1	1	1	1
clic-validation-078	compact	5704512	5704512	5788254	dcaba973e0778ee0cdd553726dce7a377e4acb852daa9986c2c0bdfe238e6e73	dcaba973e0778ee0cdd553726dce7a377e4acb852daa9986c2c0bdfe238e6e73	abc92c6a31c826a82742a0e68c6f4b66981050cee3f17fe87908a9258022b382	1	0	0	1	1	1
clic-validation-078	low-latency	5829980	5829980	5846240	1dc7a955f9ed8aeaeed919c4d103461843dd0f5eb70f7b6ed79f1e7d71624907	1dc7a955f9ed8aeaeed919c4d103461843dd0f5eb70f7b6ed79f1e7d71624907	48fd633bb400f375256d10f13b68a0912bd524d7bbb76fb8a278b7585c2f5aea	1	0	0	1	1	1
clic-validation-079	default	5798146	5798146	5798146	d8211fb001779d9d50569a0f45df63016aad787626ae51c29816fb7496754e2e	d8211fb001779d9d50569a0f45df63016aad787626ae51c29816fb7496754e2e	d8211fb001779d9d50569a0f45df63016aad787626ae51c29816fb7496754e2e	1	1	1	1	1	1
clic-validation-079	compact	4473714	4473714	4471564	d0c2026ca606cca63c31a09ab4dbc3ceb76e923e4007b277dff6f2dacbe034f9	d0c2026ca606cca63c31a09ab4dbc3ceb76e923e4007b277dff6f2dacbe034f9	8f63cd823b4bb5d9371981b1b928dd9a645d3ec5e879b4cdc5a758985c723c2e	1	0	0	1	1	1
clic-validation-079	low-latency	4555170	4555170	4540506	c65bb1d704db6882d2e5b054675adc6f8e8bac508b5df1990c94fda53dad06b9	c65bb1d704db6882d2e5b054675adc6f8e8bac508b5df1990c94fda53dad06b9	db4234a46d38f3b9bd697f527fd9cdfce8f77ce9cf22f0ca7307f3b565b4f638	1	0	0	1	1	1
clic-validation-080	default	7254536	7254536	7254536	93f244e1264fd4e7e10ac7637bf63ee66be4183373d163db63cf5f1722441a96	93f244e1264fd4e7e10ac7637bf63ee66be4183373d163db63cf5f1722441a96	93f244e1264fd4e7e10ac7637bf63ee66be4183373d163db63cf5f1722441a96	1	1	1	1	1	1
clic-validation-080	compact	6574580	6574580	6473754	254ea41371e77218ced1bd6cbbc18857028112d48005843f1603aa86faeae0b9	254ea41371e77218ced1bd6cbbc18857028112d48005843f1603aa86faeae0b9	b7ec833e1fd5156b76ea82fb6800a7383ada3a818820a365be37b7d4940a1bce	1	0	0	1	1	1
clic-validation-080	low-latency	6602440	6602440	6572908	832a582de355765b894a1c78dab0646f13578fb3b31c6865a4268c44d966234a	832a582de355765b894a1c78dab0646f13578fb3b31c6865a4268c44d966234a	eb0c1314a519ac7fe330cfc37df6f0048062cdbbca7d6be2bf463c41739a6c98	1	0	0	1	1	1
clic-validation-081	default	6976314	6976314	6976314	f54f442a0693a9f748e95efc15e0599858689036350739f54ac2a88c5cded7bd	f54f442a0693a9f748e95efc15e0599858689036350739f54ac2a88c5cded7bd	f54f442a0693a9f748e95efc15e0599858689036350739f54ac2a88c5cded7bd	1	1	1	1	1	1
clic-validation-081	compact	5779970	5779970	5733172	b07317296e3d1544da558ec2b06c4345a2585093f46d98d0dff2873b02550d04	b07317296e3d1544da558ec2b06c4345a2585093f46d98d0dff2873b02550d04	0132b0730e7ee68b6e422cd3f46f398a7304346d8b182e5209406e771f3e6d40	1	0	0	1	1	1
clic-validation-081	low-latency	5682374	5682374	5797786	be7a4405631dc6ea1d47ab0a10f19d0c93cb8a66486d48dc9695c0e1de32de7b	be7a4405631dc6ea1d47ab0a10f19d0c93cb8a66486d48dc9695c0e1de32de7b	95adcd0a7891eb430dcf5906f0b9a90809bf9bffdfb9b4a437eda561f9ac94b1	1	0	0	1	1	1
clic-validation-082	default	1819330	1819330	1819330	3fb113871172d976aaf49bf766f78b87b9e112b986e12c83b77d9460aff697aa	3fb113871172d976aaf49bf766f78b87b9e112b986e12c83b77d9460aff697aa	3fb113871172d976aaf49bf766f78b87b9e112b986e12c83b77d9460aff697aa	1	1	1	1	1	1
clic-validation-082	compact	1512228	1512228	1518794	8472e65359020181bdd166de3c5397925e33367ce5911224112e9234a88d005d	8472e65359020181bdd166de3c5397925e33367ce5911224112e9234a88d005d	163d03016c094d4db0940013f63ebd05ea20fbb186be67562fdaaefd5775da8b	1	0	0	1	1	1
clic-validation-082	low-latency	1515288	1515288	1524550	b7f632b28d0a1d22f2a73da1b312d223c860f37406867670a6412630c7bf0de2	b7f632b28d0a1d22f2a73da1b312d223c860f37406867670a6412630c7bf0de2	96d861b2c5242d3d82a96d6c097a2d48a221cb0b39613bf029575c1c12ce8de7	1	0	0	1	1	1
clic-validation-083	default	8137216	8137216	8137216	04e368c9a73c08a7626e1325f9f89b3bbb8a2494de7d8c74427258b27d0002c8	04e368c9a73c08a7626e1325f9f89b3bbb8a2494de7d8c74427258b27d0002c8	04e368c9a73c08a7626e1325f9f89b3bbb8a2494de7d8c74427258b27d0002c8	1	1	1	1	1	1
clic-validation-083	compact	6906868	6906868	6768054	4f2d47429ffccbedd36eed569ad2672d4f7b2d330a63c91a475989623384194e	4f2d47429ffccbedd36eed569ad2672d4f7b2d330a63c91a475989623384194e	774ccb4cd9ce43e42349fe034c3197daa1f2973c5e144e3adb3a5fdc00b3503d	1	0	0	1	1	1
clic-validation-083	low-latency	6884388	6884388	6869156	f4fe56d9da120fdb5a536cde91bae4fb9ab54aedbabba29ad3aba2d49279d0a5	f4fe56d9da120fdb5a536cde91bae4fb9ab54aedbabba29ad3aba2d49279d0a5	e657e590d97c28912390b456667c521757ae2008c94e304e7dc7abd2d501b90c	1	0	0	1	1	1
clic-validation-084	default	6603924	6603924	6603924	f5d8be1da69034ad3de05c7fbd80c84746c089099f3d2405be99d85d463d0c99	f5d8be1da69034ad3de05c7fbd80c84746c089099f3d2405be99d85d463d0c99	f5d8be1da69034ad3de05c7fbd80c84746c089099f3d2405be99d85d463d0c99	1	1	1	1	1	1
clic-validation-084	compact	5985856	5985856	5945684	fda24328a1ec03d490c15e000bf037e8aafca933e733c9c89b2ebc9873c58e2e	fda24328a1ec03d490c15e000bf037e8aafca933e733c9c89b2ebc9873c58e2e	d20eceb6ca85950f713f885b103b7fcc7cdc29102e2ba3a41600713b75f867eb	1	0	0	1	1	1
clic-validation-084	low-latency	6003064	6003064	5909566	645f6f76287e5b15677f944af76f904635a0fe25ba952a1abfefa03844ce4069	645f6f76287e5b15677f944af76f904635a0fe25ba952a1abfefa03844ce4069	4f9c086e4ddce717a7c6425dc782192288f176bbaee54095b69bfd84e5e1645d	1	0	0	1	1	1
clic-validation-085	default	2374290	2374290	2374290	c86bfa3388f57f0e93f30dd5b31ef0f51d79bd791af164e28373f5b803b102b2	c86bfa3388f57f0e93f30dd5b31ef0f51d79bd791af164e28373f5b803b102b2	c86bfa3388f57f0e93f30dd5b31ef0f51d79bd791af164e28373f5b803b102b2	1	1	1	1	1	1
clic-validation-085	compact	1935310	1935310	1948286	801dbfe715eb9f8d8452319cfe9effadd649f8c47feb3fc1b8da2c8e03bbe6c2	801dbfe715eb9f8d8452319cfe9effadd649f8c47feb3fc1b8da2c8e03bbe6c2	269b5eafc25acc34c694d1ffbedcf8a5e332e0db21b6be313cefad7a755de1ab	1	0	0	1	1	1
clic-validation-085	low-latency	1954892	1954892	1993092	ecf5f8c5993b4c15b60800519a92c8881be8ef7fa8802eeab4cb30df37496889	ecf5f8c5993b4c15b60800519a92c8881be8ef7fa8802eeab4cb30df37496889	8f1ec03917b2c0adf44f19c623c0c3b7a6046b8a7548b1cdd817135709f012e6	1	0	0	1	1	1
clic-validation-086	default	7896452	7896452	7896452	118213ddd98c24ee7627d491a4d2e09a791e4512cfc0c909fd683e86ff3af32d	118213ddd98c24ee7627d491a4d2e09a791e4512cfc0c909fd683e86ff3af32d	118213ddd98c24ee7627d491a4d2e09a791e4512cfc0c909fd683e86ff3af32d	1	1	1	1	1	1
clic-validation-086	compact	6780836	6780836	6941366	62a7859ab10eb1da4078d99a61a3486d642965cfad3b14af5c9352e8d63fb447	62a7859ab10eb1da4078d99a61a3486d642965cfad3b14af5c9352e8d63fb447	62f4110acf0a5a0c859966f51c7d21128a1f3849afd99447481e286733bde39e	1	0	0	1	1	1
clic-validation-086	low-latency	6923612	6923612	7125192	bb4dc7ad9c60050acc4587ad789012bfa5ab0650e25c93809aae02c5e7600376	bb4dc7ad9c60050acc4587ad789012bfa5ab0650e25c93809aae02c5e7600376	cf71500526ac707884a021c2bc7eaca7809048a02037a08076147240aff88383	1	0	0	1	1	1
clic-validation-087	default	1519140	1519140	1519140	ff8d61e8791a006f78037b4466fdbf1bea0437b4a5b022618f48d1be3a202e9a	ff8d61e8791a006f78037b4466fdbf1bea0437b4a5b022618f48d1be3a202e9a	ff8d61e8791a006f78037b4466fdbf1bea0437b4a5b022618f48d1be3a202e9a	1	1	1	1	1	1
clic-validation-087	compact	1235750	1235750	1234488	fb52326489f368fb2a63b95d687feeb611fb161707f172ee065d27ccfeb6101b	fb52326489f368fb2a63b95d687feeb611fb161707f172ee065d27ccfeb6101b	bee02705a523827c4401192efd98ecbd49e97f8113848f173d0fb7c7fd28702e	1	0	0	1	1	1
clic-validation-087	low-latency	1252050	1252050	1231224	c2bbdd968765a5d6d130f72fe108ac6b9aa01fe0f1d08b7e0d74a760458ba876	c2bbdd968765a5d6d130f72fe108ac6b9aa01fe0f1d08b7e0d74a760458ba876	dc0dd89bf71c175babc5e9e9d3595809e937cd0caf00ec753826fa23100a1795	1	0	0	1	1	1
clic-validation-088	default	3611208	3611208	3611208	265e6c5d2e0610c9466989a5dadd848ff9f2a1dc7eabaa6eb643dca310802222	265e6c5d2e0610c9466989a5dadd848ff9f2a1dc7eabaa6eb643dca310802222	265e6c5d2e0610c9466989a5dadd848ff9f2a1dc7eabaa6eb643dca310802222	1	1	1	1	1	1
clic-validation-088	compact	3237528	3237528	3176378	7370310b83aaa55789cef4cae174195602df6584390da01b4d5ca24f1ff2e77f	7370310b83aaa55789cef4cae174195602df6584390da01b4d5ca24f1ff2e77f	35edd10e0086dc9c428fbcf750dd1c7b1d4f7720cf89a8b51532010766a45a87	1	0	0	1	1	1
clic-validation-088	low-latency	3293512	3293512	3289820	2598305a64e4886b576d4f345fff3299799d02901930a05ef7a3b16698dcb094	2598305a64e4886b576d4f345fff3299799d02901930a05ef7a3b16698dcb094	c37b4896b568efc9609e0edffbd8b09fd69ab5b2267943812397b7a8de249210	1	0	0	1	1	1
clic-validation-089	default	6934986	6934986	6934986	2caa4bd7f3893e22d75c2b63ebd5f56720cc19da79e558c3547a4357f2bfb708	2caa4bd7f3893e22d75c2b63ebd5f56720cc19da79e558c3547a4357f2bfb708	2caa4bd7f3893e22d75c2b63ebd5f56720cc19da79e558c3547a4357f2bfb708	1	1	1	1	1	1
clic-validation-089	compact	6517422	6517422	6453068	410aa70f3530d1329f55468f443ba5a69d00033012dfcbc6b4fb60b9bcc5743e	410aa70f3530d1329f55468f443ba5a69d00033012dfcbc6b4fb60b9bcc5743e	d530134f3f69a97fe696c3a2ade7afa764ddd309a16d038adcc825caf2cb2fd7	1	0	0	1	1	1
clic-validation-089	low-latency	6529714	6529714	6565814	f0330d19fb36b022242c71150836d1d3da1462222fcc4da62d9c6d39e43b720b	f0330d19fb36b022242c71150836d1d3da1462222fcc4da62d9c6d39e43b720b	3d98a37ec1a624b8c902928652c0af96898806040dc63aa2398b5716d25ae9b5	1	0	0	1	1	1
clic-validation-090	default	7071210	7071210	7071210	2bec69940ffd4f30f8c098e33c2964ed953c38c7f2e302235d1575712110cb86	2bec69940ffd4f30f8c098e33c2964ed953c38c7f2e302235d1575712110cb86	2bec69940ffd4f30f8c098e33c2964ed953c38c7f2e302235d1575712110cb86	1	1	1	1	1	1
clic-validation-090	compact	6442454	6442454	6342684	68756203626ee544c691159b07223de7384f8af81fef4854e6c4097cc1d09679	68756203626ee544c691159b07223de7384f8af81fef4854e6c4097cc1d09679	e22b738ee5038491c52d1642cdd11fd82fe6e8a5d9b912ea29978b9541ee725d	1	0	0	1	1	1
clic-validation-090	low-latency	6588194	6588194	6579346	feaf30d6d9a4e35bf5e857ed6bbe1d3a8ed83c6b7291deaab9623ec1021ed768	feaf30d6d9a4e35bf5e857ed6bbe1d3a8ed83c6b7291deaab9623ec1021ed768	fa1a35b4b18068c86e1eb1bd9108753b833a1c260333ba23ae54a3fea6609ad2	1	0	0	1	1	1
clic-validation-091	default	510020	510020	510020	35a4c318cfef6f3135f4b885a47919c8a08f3a9f504315426ec6bfc5b38e00c0	35a4c318cfef6f3135f4b885a47919c8a08f3a9f504315426ec6bfc5b38e00c0	35a4c318cfef6f3135f4b885a47919c8a08f3a9f504315426ec6bfc5b38e00c0	1	1	1	1	1	1
clic-validation-091	compact	457864	457864	454858	ec1425334eea2cd7dae0c1dae593b5f1db5c714bfdb51bb0ce876bbeab53e683	ec1425334eea2cd7dae0c1dae593b5f1db5c714bfdb51bb0ce876bbeab53e683	4f6db891a10ad1ed898f274c70a5b8e203ca2b6461ce298f281f9ca5ae7b81fb	1	0	0	1	1	1
clic-validation-091	low-latency	486686	486686	493614	9cea9a17537def290355f2d903f896ea8acc5544efac4efa157234561329d495	9cea9a17537def290355f2d903f896ea8acc5544efac4efa157234561329d495	d72bf2e91500d56752813d5d317cf6fe7853afbc599ceac1017d66897d0c0fd7	1	0	0	1	1	1
clic-validation-092	default	7760750	7760750	7760750	191dba9a1b5c3f0ad927c8ff253e55ffdd666fdb808ca4dabab482b71c1e5cd1	191dba9a1b5c3f0ad927c8ff253e55ffdd666fdb808ca4dabab482b71c1e5cd1	191dba9a1b5c3f0ad927c8ff253e55ffdd666fdb808ca4dabab482b71c1e5cd1	1	1	1	1	1	1
clic-validation-092	compact	6816046	6816046	6700334	bbdb660516f45c62080bb3cfb14442bea93bbff95e76d6d5e2fa3eca8ebbab78	bbdb660516f45c62080bb3cfb14442bea93bbff95e76d6d5e2fa3eca8ebbab78	76cea803c318b0a5da608180ca247f68250d5db78ddd183deb64008361481ee4	1	0	0	1	1	1
clic-validation-092	low-latency	6821520	6821520	6747658	f83e97b0f22bbce54ffee5a75b817d3687b27f80c44768b41778681ee84bbc70	f83e97b0f22bbce54ffee5a75b817d3687b27f80c44768b41778681ee84bbc70	6d69a2605eca201142b2a7f085b9821539c52fd0e8386dfe7954a0235ae2f312	1	0	0	1	1	1
clic-validation-093	default	3866136	3866136	3866136	34d9a3ef03fd0a3230bc6b40719c7b15470545fb130b49641dd8b506115020ed	34d9a3ef03fd0a3230bc6b40719c7b15470545fb130b49641dd8b506115020ed	34d9a3ef03fd0a3230bc6b40719c7b15470545fb130b49641dd8b506115020ed	1	1	1	1	1	1
clic-validation-093	compact	3572272	3572272	3592128	812543b3fd71ea2844df5c9f582b0b21072ec2325cc21a8adeff844e1b574f3b	812543b3fd71ea2844df5c9f582b0b21072ec2325cc21a8adeff844e1b574f3b	e7975e7912cbae858aba84bc9bb5a15b2a84094fde7b47f1243c0a56ff220a4f	1	0	0	1	1	1
clic-validation-093	low-latency	3597412	3597412	3672250	5300546b4fe9c2b70568ce2cd07c7354fd29388aad1c2c946899d3b6f580196f	5300546b4fe9c2b70568ce2cd07c7354fd29388aad1c2c946899d3b6f580196f	603580880484705daafb44a859320593333ebcdf5d945b840b823dbfb04b1baf	1	0	0	1	1	1
clic-validation-094	default	6741146	6741146	6741146	daeba39c1a3671ed2028a3fe35a39c41e6e46cc57d987f3c91429db8630f6a55	daeba39c1a3671ed2028a3fe35a39c41e6e46cc57d987f3c91429db8630f6a55	daeba39c1a3671ed2028a3fe35a39c41e6e46cc57d987f3c91429db8630f6a55	1	1	1	1	1	1
clic-validation-094	compact	5988924	5988924	5962480	f7cffe67ae6b6aa7f3826a0d55fb65130f51c2b3c65908984bd0a7421b8d52e1	f7cffe67ae6b6aa7f3826a0d55fb65130f51c2b3c65908984bd0a7421b8d52e1	76f5a6a6b7b44473978a57f68f34181f1e399facfd047f1a06870d2c3852855f	1	0	0	1	1	1
clic-validation-094	low-latency	6119372	6119372	6123100	8e1db49e16de0a6b17536937991b1724577d03306a39d433348fda666dd5e56d	8e1db49e16de0a6b17536937991b1724577d03306a39d433348fda666dd5e56d	2afa87cfc102e719c817651334e702a84ba9961999f726f90361dbe0ff68f320	1	0	0	1	1	1
clic-validation-095	default	2841624	2841624	2841624	f702c6ba4abf5876195a75e92d348bf3646026e8320904ca8bf9caade299dc0e	f702c6ba4abf5876195a75e92d348bf3646026e8320904ca8bf9caade299dc0e	f702c6ba4abf5876195a75e92d348bf3646026e8320904ca8bf9caade299dc0e	1	1	1	1	1	1
clic-validation-095	compact	2710854	2710854	2707848	c2c15040fcfee5d2376edc676faa803c15bb04d1195274abdd108e1693b6f142	c2c15040fcfee5d2376edc676faa803c15bb04d1195274abdd108e1693b6f142	5dd3aaaf6ec95088075b4047f26cae7c8d2b249d72798cb370155ac3d2d99e6d	1	0	0	1	1	1
clic-validation-095	low-latency	2736452	2736452	2727548	0c4acdbdfb071402ae0b6d2f2b6ce6476b590fd7d38d70bb61c2a9b536e2912c	0c4acdbdfb071402ae0b6d2f2b6ce6476b590fd7d38d70bb61c2a9b536e2912c	95d96eba6494acde95cec1e6db912b25a7c45cccd317a6c77f1a3680ab38ad2f	1	0	0	1	1	1
clic-validation-096	default	944428	944428	944428	42730fd8bac1570318e25fab0706aa582ef222064fe354655d32aa311bd4683f	42730fd8bac1570318e25fab0706aa582ef222064fe354655d32aa311bd4683f	42730fd8bac1570318e25fab0706aa582ef222064fe354655d32aa311bd4683f	1	1	1	1	1	1
clic-validation-096	compact	794174	794174	799326	11f6160a0420f9fec3f58c812b97df6d2822d637bc56c83ef24c8dd95638c30e	11f6160a0420f9fec3f58c812b97df6d2822d637bc56c83ef24c8dd95638c30e	939865fa00ce9b346a93746e8c7e23c9c57c0f17a46b063bf9bfb5feda4eb608	1	0	0	1	1	1
clic-validation-096	low-latency	797744	797744	813426	b0b30f999283b83498c5b5f7cb20a4b1b3144fd6b53006c8082f15846b43e886	b0b30f999283b83498c5b5f7cb20a4b1b3144fd6b53006c8082f15846b43e886	371b5e609eed9b22d3ce954e736a2154d66d42c45edf107bf530d027b29d660d	1	0	0	1	1	1
clic-validation-097	default	5515280	5515280	5515280	ade9bbd653000d1badb90b72bc4e8aaffc0b45fe9d66e4cfeca50ed91ed0505c	ade9bbd653000d1badb90b72bc4e8aaffc0b45fe9d66e4cfeca50ed91ed0505c	ade9bbd653000d1badb90b72bc4e8aaffc0b45fe9d66e4cfeca50ed91ed0505c	1	1	1	1	1	1
clic-validation-097	compact	4853630	4853630	4984776	8216d7af57cf185f3513c784e7f2a62cf9e7b2f121dc55929528cd7ff4fcc29e	8216d7af57cf185f3513c784e7f2a62cf9e7b2f121dc55929528cd7ff4fcc29e	536c23706ede886ed4540bcb7c831c5f2028886fc535030781663571c2866769	1	0	0	1	1	1
clic-validation-097	low-latency	4881750	4881750	4900796	1fa775f9fb865c5cd892d1274f3663348c2b66f9eb13cc2fed8394d89b4baa96	1fa775f9fb865c5cd892d1274f3663348c2b66f9eb13cc2fed8394d89b4baa96	b894055577bdeddfee51ba2c8cdc94517326064c6003b0e6fa9b7b5f63385b19	1	0	0	1	1	1
clic-validation-098	default	7637990	7637990	7637990	a8b879efbd385ba08bc8d76f865470f2782c789bad439522101f74b3bd590602	a8b879efbd385ba08bc8d76f865470f2782c789bad439522101f74b3bd590602	a8b879efbd385ba08bc8d76f865470f2782c789bad439522101f74b3bd590602	1	1	1	1	1	1
clic-validation-098	compact	7500734	7500734	7566272	1103ef2c7486de3e0b54bcc0f6afd310468a6d7cfb886a4cd58dad341967bb53	1103ef2c7486de3e0b54bcc0f6afd310468a6d7cfb886a4cd58dad341967bb53	3fc449d7f1629525bcc6f1bc368b85f8b986f71080097ef4cc0f7dad92687ecb	1	0	0	1	1	1
clic-validation-098	low-latency	7582970	7582970	7640324	51716ca024afce09775e896a51254d5ceaf7e03262d9450af97de40fa824b098	51716ca024afce09775e896a51254d5ceaf7e03262d9450af97de40fa824b098	82e6dc1985e1bd271340ac7db5a9e8b6cadd76946a8461f2a949e740a8c2762e	1	0	0	1	1	1
clic-validation-099	default	4737152	4737152	4737152	678de481cba2ecbd7a56f52caa6ae8f5ac5c93d789eabd7ff1d29d3e9ff426e9	678de481cba2ecbd7a56f52caa6ae8f5ac5c93d789eabd7ff1d29d3e9ff426e9	678de481cba2ecbd7a56f52caa6ae8f5ac5c93d789eabd7ff1d29d3e9ff426e9	1	1	1	1	1	1
clic-validation-099	compact	3909204	3909204	3931396	9f0d46947d92d5c0a6d9b6315091df7b886b7736ba349b942e93701f8b20cadf	9f0d46947d92d5c0a6d9b6315091df7b886b7736ba349b942e93701f8b20cadf	339334c797a47cbe91e5c967ee585d1262ccce0f5586334fb64c945d6dbdba42	1	0	0	1	1	1
clic-validation-099	low-latency	3924250	3924250	3975398	ef56143c9e343e7cac74ac64acaf7e531bd59f2dce7efc2e9fd007e3c5226c32	ef56143c9e343e7cac74ac64acaf7e531bd59f2dce7efc2e9fd007e3c5226c32	b44cfc48a32724399101effa2313574483ad294b975d63e952500a6ecf59df39	1	0	0	1	1	1
clic-validation-100	default	5626564	5626564	5626564	bd284684f060019df78986f6c7887b53e61211a7156915b815ea71ca9d658f52	bd284684f060019df78986f6c7887b53e61211a7156915b815ea71ca9d658f52	bd284684f060019df78986f6c7887b53e61211a7156915b815ea71ca9d658f52	1	1	1	1	1	1
clic-validation-100	compact	5764820	5764820	5972462	00fecc49783bc1bedbf269d05214ea669a81b294855470f25410e53245cb8e1e	00fecc49783bc1bedbf269d05214ea669a81b294855470f25410e53245cb8e1e	7ff1234d2a91b2d0d302c89fd96ca97c0bf0afae812870a51bfce314e58dadc3	1	0	0	1	1	1
clic-validation-100	low-latency	6078404	6078404	6191164	9688fa474ca54a5279e6879f7519adc93fccf9360eddcfd525cc185c14d47831	9688fa474ca54a5279e6879f7519adc93fccf9360eddcfd525cc185c14d47831	1f62de34a460b42920a663ba464f6f40a7397eb17ca39f8b3019deb9f1006290	1	0	0	1	1	1
clic-validation-101	default	7480356	7480356	7480356	f476d8add3f841892b19f2ffbcca8786ac77a0be852da411c93c64ae475526c5	f476d8add3f841892b19f2ffbcca8786ac77a0be852da411c93c64ae475526c5	f476d8add3f841892b19f2ffbcca8786ac77a0be852da411c93c64ae475526c5	1	1	1	1	1	1
clic-validation-101	compact	6502912	6502912	6530682	fa1232fd269cf66b33f6e2a7107bf1e9e5c6277644a9f4418131b2406258c1cc	fa1232fd269cf66b33f6e2a7107bf1e9e5c6277644a9f4418131b2406258c1cc	6fd9b51ba46cc2a1e83d160a8988e32c9fe2aefe85968e95ceb2315d52cbd165	1	0	0	1	1	1
clic-validation-101	low-latency	6552670	6552670	6521864	bf69570463b356ba748d1fadd8f8ea65569c721e261428832c8a98d897a63588	bf69570463b356ba748d1fadd8f8ea65569c721e261428832c8a98d897a63588	bc2dcdd0d0108bb06926195a111f4d566d0b4f55e60ede8f8ecb297e2b6601a6	1	0	0	1	1	1
identity_summary	default_full_byte=102	project_exact=918
